generation,scenario,id,normPref,aprioriAck,legalAck,careAck,epistemicAck,attempts,successes,conflict,debt,momentum,trustCount,trustMax,fulfilled,denied,expired,repaired,role,temperament,moralStance,scenarioGroup,memoryLength,affiliation,enableMoralRepair,enableDirectedEmergence,enableNonReciprocalTargeting,batchRun
1,pluralist,0,legal,false,true,false,true,0,0,0,3,0.811,4,0,0,0,3,0,disruptor,0.10018783083575211,reactive,pluralist,0.5060988220041673,pref_care,true,false,false,1
1,pluralist,1,apriori,false,true,false,false,0,0,0,0,0.891,1,0,0,0,0,0,initiator,0.7735294360442376,proactive,authoritarian,0.590706458341733,pref_care,true,false,false,1
1,pluralist,2,apriori,true,false,true,true,0,0,0,0,0.504,1,0,0,0,0,0,responder,0.3498413981565375,reactive,pluralist,0.42194367495921825,pref_care,true,false,false,1
1,pluralist,3,legal,true,false,false,true,0,0,0,4,0.375,7,0,0,0,4,0,disruptor,0.9414224774012359,proactive,pluralist,0.6738048008134208,pref_legal,true,false,false,1
1,pluralist,4,legal,false,false,false,false,0,0,0,3,0.810,3,0,0,0,3,0,disruptor,0.3832829158857348,reactive,collapsed,0.7213215553335877,pref_apriori,true,false,false,1
1,pluralist,5,apriori,false,false,false,true,0,0,0,3,0.488,5,0,0,0,3,0,initiator,0.7472264715607432,reactive,pluralist,0.47227021695111526,pref_apriori,true,false,false,1
1,pluralist,6,legal,true,true,true,true,1,0,1,3,0.892,7,0,0,1,2,0,responder,0.5751328518641885,proactive,utopian,0.6323697312404628,pref_care,true,false,false,1
1,pluralist,7,apriori,false,false,false,true,0,0,0,2,0.967,3,0,0,0,2,0,initiator,0.9962509871052667,proactive,pluralist,0.6846318268901006,pref_legal,true,false,false,1
1,pluralist,8,legal,true,false,true,false,0,0,0,2,0.646,5,1,0,0,2,0,mediator,0.06494366419771158,proactive,pluralist,0.44853659822642244,pref_epistemic,true,false,false,1
1,pluralist,10,epistemic,true,true,false,false,0,0,0,0,0.368,1,0,0,0,0,0,mediator,0.8102107587832921,proactive,pluralist,0.6114871945577384,pref_apriori,true,false,false,1
1,pluralist,11,legal,false,false,true,true,0,0,0,0,0.421,2,0,0,0,0,0,mediator,0.6787188204051888,proactive,pluralist,0.4130756365843273,pref_care,true,false,false,1
1,pluralist,12,epistemic,false,true,true,true,0,0,0,1,0.427,1,0,0,0,1,0,responder,0.4548565221667805,proactive,pluralist,0.697261676421743,pref_apriori,true,false,false,1
1,pluralist,13,apriori,false,true,false,true,0,0,0,3,0.627,7,0,0,0,3,0,initiator,0.8784340094611738,reactive,pluralist,0.7333730405622881,pref_apriori,true,false,false,1
1,pluralist,14,care,false,false,true,false,0,0,0,4,0.665,7,0,0,0,4,0,mediator,0.6504969252508855,reactive,allCare,0.4831134495019558,pref_epistemic,true,false,false,1
1,pluralist,15,apriori,false,false,true,false,1,0,1,2,0.400,4,0,0,1,1,0,responder,0.6339414090749557,reactive,allCare,0.6455291504575789,pref_apriori,true,false,false,1
1,pluralist,16,care,false,true,false,true,0,0,0,1,0.694,2,0,0,0,1,0,mediator,0.6525624546087789,proactive,pluralist,0.7628215909286749,pref_legal,true,false,false,1
1,pluralist,18,care,false,true,true,true,1,1,0,2,0.509,3,1,1,0,2,0,initiator,0.09689729909049538,proactive,pluralist,0.5313074070486319,pref_apriori,true,false,false,1
1,pluralist,19,epistemic,true,false,false,false,0,0,0,1,0.711,2,0,0,0,1,0,initiator,0.0680790698467385,reactive,pluralist,0.49887820459116833,pref_apriori,true,false,false,1
1,pluralist,20,apriori,false,true,true,false,0,0,0,4,0.656,5,1,0,0,4,0,responder,0.6319612809417119,proactive,pluralist,0.5733747969766114,pref_apriori,true,false,false,1
1,pluralist,21,epistemic,true,false,false,true,0,0,0,0,0.892,2,0,0,0,0,0,initiator,0.2965429679213022,proactive,pluralist,0.503368381336823,pref_legal,true,false,false,1
1,pluralist,22,apriori,false,false,true,false,0,0,0,1,0.572,5,0,0,0,1,0,initiator,0.776237816193409,proactive,allCare,0.7830551076607318,pref_epistemic,true,false,false,1
1,pluralist,23,apriori,false,true,false,false,0,0,0,1,0.454,3,0,0,0,1,0,disruptor,0.37083537404619527,proactive,authoritarian,0.7299914546673133,pref_apriori,true,false,false,1
1,pluralist,25,legal,false,false,true,false,1,0,1,1,0.827,6,0,0,1,0,0,disruptor,0.8623302956404483,reactive,allCare,0.763720988878412,pref_epistemic,true,false,false,1
1,pluralist,26,legal,true,false,false,true,0,0,0,1,0.366,3,0,0,0,1,0,initiator,0.1118132090594871,reactive,pluralist,0.7680107486603873,pref_legal,true,false,false,1
1,pluralist,27,epistemic,true,true,true,false,0,0,0,0,0.827,4,0,0,0,0,0,initiator,0.05125734685883798,proactive,pluralist,0.46849966805318594,pref_apriori,true,false,false,1
1,pluralist,28,care,true,true,true,true,0,0,0,1,0.683,4,1,0,0,1,0,initiator,0.44034824868950295,proactive,utopian,0.5944871299265074,pref_legal,true,false,false,1
1,pluralist,29,care,true,true,true,false,0,0,0,4,0.501,4,0,0,0,4,0,mediator,0.09796999026250575,reactive,pluralist,0.7061805047753744,pref_legal,true,false,false,1
1,pluralist,30,apriori,false,true,true,false,0,0,0,1,0.331,3,0,0,0,1,0,mediator,0.6080107868053617,proactive,pluralist,0.7421541879816158,pref_legal,true,false,false,1
1,pluralist,31,apriori,false,true,true,true,0,0,0,1,0.807,2,0,0,0,1,0,disruptor,0.06106869885781552,reactive,pluralist,0.4807547648675808,pref_epistemic,true,false,false,1
1,pluralist,32,care,true,true,false,false,1,0,1,4,0.620,5,0,0,1,3,0,responder,0.5607536723117786,proactive,pluralist,0.4738433253182839,pref_care,true,false,false,1
1,pluralist,33,care,false,false,false,false,0,0,0,1,0.918,4,0,0,0,1,0,initiator,0.8694167164876736,proactive,collapsed,0.7296680834264357,pref_apriori,true,false,false,1
1,pluralist,34,apriori,true,false,true,true,0,0,0,3,0.498,5,0,0,0,3,0,mediator,0.5460721734772647,reactive,pluralist,0.4563024449557056,pref_apriori,true,false,false,1
1,pluralist,35,care,false,false,false,true,0,0,0,2,0.891,3,0,0,0,2,0,mediator,0.6032527435386225,proactive,pluralist,0.42780160442871007,pref_apriori,true,false,false,1
1,pluralist,36,care,true,false,false,false,0,0,0,2,0.986,5,0,0,0,2,0,initiator,0.014008262328598975,reactive,pluralist,0.6950482146983561,pref_epistemic,true,false,false,1
1,pluralist,37,care,true,false,false,true,0,0,0,4,0.983,7,0,0,0,4,0,mediator,0.7149472078550233,proactive,pluralist,0.695162490377363,pref_legal,true,false,false,1
1,pluralist,38,apriori,false,true,true,true,0,0,0,1,0.550,1,0,0,0,1,0,responder,0.942223644160139,proactive,pluralist,0.5161713738768287,pref_apriori,true,false,false,1
1,pluralist,40,legal,true,true,true,true,1,1,0,1,0.456,2,1,1,0,1,0,disruptor,0.7353865423449866,reactive,utopian,0.6859483731534748,pref_legal,true,false,false,1
1,pluralist,41,epistemic,true,false,true,true,0,0,0,0,0.753,5,1,0,0,0,0,responder,0.5442971429883283,proactive,pluralist,0.478753685755244,pref_epistemic,true,false,false,1
1,pluralist,42,care,false,false,true,true,0,0,0,2,0.737,2,0,0,0,2,0,mediator,0.7152981313090129,proactive,pluralist,0.4785935266251076,pref_legal,true,false,false,1
1,pluralist,44,apriori,true,true,false,false,0,0,0,3,0.761,4,1,0,0,3,0,disruptor,0.811390002035253,reactive,pluralist,0.4687565512728859,pref_epistemic,true,false,false,1
1,pluralist,45,care,true,true,false,true,0,0,0,1,0.301,2,0,0,0,1,0,initiator,0.8611110169655681,reactive,pluralist,0.7255174402096142,pref_epistemic,true,false,false,1
1,pluralist,46,legal,false,false,true,false,0,0,0,2,0.742,4,0,0,0,2,0,disruptor,0.5240530945128262,reactive,allCare,0.6259463989748071,pref_legal,true,false,false,1
1,pluralist,47,epistemic,true,false,true,false,0,0,0,1,0.416,3,0,0,0,1,0,initiator,0.1710006256068407,reactive,pluralist,0.46088954922146663,pref_legal,true,false,false,1
1,pluralist,48,apriori,true,true,false,true,0,0,0,2,0.574,5,0,0,0,2,0,responder,0.23484325657111282,reactive,pluralist,0.7898931175320505,pref_legal,true,false,false,1
1,pluralist,49,care,false,true,true,true,0,0,0,1,0.762,2,0,0,0,1,0,initiator,0.8966756168791543,proactive,pluralist,0.6269119408513611,pref_epistemic,true,false,false,1
1,pluralist,50,legal,false,false,true,true,0,0,0,3,0.308,6,0,0,0,3,0,disruptor,0.23781143161655272,proactive,pluralist,0.7319606655779722,pref_epistemic,true,false,false,1
1,pluralist,51,epistemic,true,true,false,true,0,0,0,1,0.704,5,0,0,0,1,0,responder,0.34971470685043426,reactive,pluralist,0.7973590245486776,pref_apriori,true,false,false,1
1,pluralist,52,care,false,false,false,false,0,0,0,2,0.933,2,0,0,0,2,0,disruptor,0.16024590867031474,proactive,collapsed,0.5376501295975225,pref_care,true,false,false,1
1,pluralist,53,legal,true,true,true,false,0,0,0,2,0.787,5,0,0,0,2,0,mediator,0.6508101889089257,reactive,pluralist,0.5682011034234824,pref_legal,true,false,false,1
1,pluralist,54,legal,false,true,true,false,0,0,0,4,0.931,4,0,0,0,4,0,initiator,0.920405302523688,proactive,pluralist,0.5146805992086806,pref_apriori,true,false,false,1
1,pluralist,55,epistemic,true,true,false,false,0,0,0,3,0.639,4,0,0,0,3,0,responder,0.16086699218584155,proactive,pluralist,0.5677683013698145,pref_apriori,true,false,false,1
1,pluralist,56,legal,false,false,true,true,1,0,1,3,0.511,5,0,0,1,2,0,disruptor,0.4209907978476486,proactive,pluralist,0.5373609762313365,pref_epistemic,true,false,false,1
1,pluralist,57,legal,true,false,false,true,0,0,0,1,0.338,4,0,0,0,1,0,responder,0.42220713444413094,reactive,pluralist,0.7616626195149465,pref_care,true,false,false,1
1,pluralist,58,epistemic,false,false,false,true,0,0,0,0,0.745,0,0,0,0,0,0,responder,0.49980756372569113,reactive,pluralist,0.7534411667569115,pref_epistemic,true,false,false,1
1,pluralist,59,apriori,false,true,true,true,0,0,0,0,0.780,2,0,0,0,0,0,disruptor,0.7931669377949508,proactive,pluralist,0.6579363115621168,pref_apriori,true,false,false,1
1,pluralist,60,epistemic,false,true,true,false,1,1,0,1,0.325,4,1,1,0,1,0,responder,0.3982181696048229,proactive,pluralist,0.41279794258841435,pref_epistemic,true,false,false,1
1,pluralist,61,care,true,false,false,false,0,0,0,1,0.620,3,0,0,0,1,0,initiator,0.3226235126234477,reactive,pluralist,0.6032021133523282,pref_legal,true,false,false,1
1,pluralist,62,epistemic,false,true,true,false,0,0,0,1,0.322,3,0,0,0,1,0,disruptor,0.16806828936187224,reactive,pluralist,0.5148012048136947,pref_legal,true,false,false,1
1,pluralist,63,legal,false,false,false,false,0,0,0,2,0.582,6,0,0,0,2,0,mediator,0.5982151454988764,reactive,collapsed,0.4371620589382524,pref_legal,true,false,false,1
1,pluralist,64,epistemic,false,true,true,true,0,0,0,1,0.857,3,0,0,0,1,0,mediator,0.23032348034843497,reactive,pluralist,0.5816105921829978,pref_legal,true,false,false,1
1,pluralist,66,epistemic,false,false,true,true,0,0,0,1,0.524,5,0,0,0,1,0,responder,0.02848376487026405,reactive,pluralist,0.6105008474446763,pref_epistemic,true,false,false,1
1,pluralist,67,epistemic,false,true,true,true,0,0,0,1,0.834,3,0,0,0,1,0,responder,0.04235011344029338,proactive,pluralist,0.7508229821542869,pref_epistemic,true,false,false,1
1,pluralist,69,apriori,true,false,true,false,0,0,0,3,0.488,3,0,0,0,3,0,mediator,0.8172531395752152,proactive,pluralist,0.7793602184769315,pref_epistemic,true,false,false,1
1,pluralist,70,epistemic,true,true,true,true,0,0,0,2,0.759,4,1,0,0,2,0,mediator,0.10037530089486724,reactive,utopian,0.7635483444892659,pref_legal,true,false,false,1
1,pluralist,71,apriori,true,false,false,true,0,0,0,2,0.396,5,0,0,0,2,0,disruptor,0.9173544854383375,reactive,pluralist,0.4542147742257936,pref_care,true,false,false,1
1,pluralist,72,apriori,false,false,false,true,0,0,0,1,0.309,1,0,0,0,1,0,disruptor,0.6713462283451967,reactive,pluralist,0.7772468677554905,pref_epistemic,true,false,false,1
1,pluralist,73,epistemic,true,true,false,false,0,0,0,0,0.712,2,0,0,0,0,0,responder,0.4367440478775545,proactive,pluralist,0.4568656905831466,pref_epistemic,true,false,false,1
1,pluralist,74,care,false,true,true,true,1,1,0,1,0.934,5,1,1,0,1,0,initiator,0.1998239510589752,proactive,pluralist,0.40712036222252185,pref_care,true,false,false,1
1,pluralist,75,care,false,false,false,false,0,0,0,3,0.779,5,0,0,0,3,0,mediator,0.9742096532720141,reactive,collapsed,0.7727301982044413,pref_care,true,false,false,1
1,pluralist,76,legal,true,true,false,true,0,0,0,1,0.563,7,1,0,0,1,0,mediator,0.7901212169963936,reactive,pluralist,0.6431409093775241,pref_epistemic,true,false,false,1
1,pluralist,77,care,true,false,false,false,0,0,0,1,0.709,5,0,0,0,1,0,initiator,0.025622077648175146,reactive,pluralist,0.7265773601964514,pref_care,true,false,false,1
1,pluralist,78,apriori,true,true,false,false,0,0,0,0,0.407,0,0,0,0,0,0,mediator,0.3070293430785078,reactive,pluralist,0.5584823220879132,pref_apriori,true,false,false,1
1,pluralist,79,epistemic,true,false,false,false,1,1,0,0,0.865,4,1,1,0,0,0,mediator,0.9838272994297148,reactive,pluralist,0.7716022181766833,pref_epistemic,true,false,false,1
1,pluralist,80,care,true,true,false,true,0,0,0,2,0.595,5,1,0,0,2,0,initiator,0.7215256431162415,reactive,pluralist,0.6797880760734614,pref_care,true,false,false,1
1,pluralist,81,apriori,false,true,true,false,0,0,0,2,0.629,6,0,0,0,2,0,mediator,0.7905033940268271,proactive,pluralist,0.6661941030282105,pref_epistemic,true,false,false,1
1,pluralist,82,legal,false,false,false,false,1,0,1,1,0.499,3,0,0,1,0,0,disruptor,0.7195553824907428,proactive,collapsed,0.5176483307083223,pref_epistemic,true,false,false,1
1,pluralist,83,epistemic,false,false,false,false,1,0,1,4,0.333,5,0,0,1,3,0,disruptor,0.21826681662275893,proactive,collapsed,0.5916589073368665,pref_epistemic,true,false,false,1
1,pluralist,84,apriori,false,false,false,false,0,0,0,4,0.827,4,0,0,0,4,0,responder,0.5489959863363922,reactive,collapsed,0.7543956196305341,pref_apriori,true,false,false,1
1,pluralist,85,care,true,false,false,false,0,0,0,4,0.529,5,0,0,0,4,0,initiator,0.22377388000547627,proactive,pluralist,0.6773657876958872,pref_epistemic,true,false,false,1
1,pluralist,86,epistemic,true,false,false,true,1,1,0,1,0.780,3,1,1,0,1,0,initiator,0.9237393953621245,reactive,pluralist,0.6624404886080117,pref_epistemic,true,false,false,1
1,pluralist,87,apriori,true,false,true,false,1,0,1,5,0.778,7,0,0,1,4,0,disruptor,0.1297466081531954,proactive,pluralist,0.4516188248035711,pref_care,true,false,false,1
1,pluralist,88,epistemic,true,true,true,false,0,0,0,2,0.330,6,0,0,0,2,0,disruptor,0.7880993036403484,proactive,pluralist,0.7958872071710574,pref_care,true,false,false,1
1,pluralist,89,apriori,false,true,true,true,0,0,0,2,0.571,5,0,0,0,2,0,disruptor,0.7255661572802448,proactive,pluralist,0.7499230868445765,pref_legal,true,false,false,1
1,pluralist,90,epistemic,true,false,true,false,0,0,0,0,0.692,2,0,0,0,0,0,disruptor,0.973411288455425,reactive,pluralist,0.7622063527602112,pref_epistemic,true,false,false,1
1,pluralist,91,apriori,false,true,false,false,0,0,0,1,0.544,3,1,0,0,1,0,initiator,0.8889345567466336,reactive,authoritarian,0.742228168850262,pref_care,true,false,false,1
1,pluralist,92,legal,false,false,false,false,0,0,0,4,0.687,5,0,0,0,4,0,mediator,0.911989661081539,reactive,collapsed,0.5241793371161264,pref_legal,true,false,false,1
1,pluralist,94,care,true,true,false,false,1,1,0,3,0.450,5,1,1,0,3,0,initiator,0.32479826774427645,proactive,pluralist,0.5035024801117648,pref_care,true,false,false,1
1,pluralist,95,legal,true,true,true,false,1,1,0,3,0.610,5,1,1,0,3,0,disruptor,0.4769350022883675,proactive,pluralist,0.6228245059095165,pref_legal,true,false,false,1
1,pluralist,96,legal,true,true,true,false,0,0,0,2,0.348,3,0,0,0,2,0,initiator,0.8530373329241219,proactive,pluralist,0.7965331169557077,pref_care,true,false,false,1
1,pluralist,97,apriori,true,true,false,false,0,0,0,2,0.819,5,0,0,0,2,0,responder,0.36585873540098,proactive,pluralist,0.7015228129262474,pref_apriori,true,false,false,1
1,pluralist,98,apriori,true,true,true,true,0,0,0,2,0.937,4,0,0,0,2,0,initiator,0.8675831758888848,reactive,utopian,0.5353676042724984,pref_care,true,false,false,1
1,pluralist,99,apriori,false,false,false,false,0,0,0,2,0.337,3,0,0,0,2,0,initiator,0.5316607482887119,reactive,collapsed,0.6948788722768793,pref_legal,true,false,false,1
2,pluralist,0,legal,false,true,false,true,0,0,0,3,0.811,5,0,0,0,3,0,disruptor,0.10018783083575211,reactive,pluralist,0.5060988220041673,pref_care,true,false,false,1
2,pluralist,1,apriori,false,true,false,false,0,0,0,0,0.891,1,0,0,0,0,0,initiator,0.7735294360442376,proactive,authoritarian,0.590706458341733,pref_legal,true,false,false,1
2,pluralist,2,apriori,true,false,true,true,0,0,0,1,0.504,2,0,0,0,1,0,responder,0.3498413981565375,reactive,pluralist,0.42194367495921825,pref_care,true,false,false,1
2,pluralist,3,legal,true,false,false,true,0,0,0,5,0.375,10,0,0,0,5,0,disruptor,0.9414224774012359,proactive,pluralist,0.6738048008134208,pref_legal,true,false,false,1
2,pluralist,4,legal,false,false,false,false,2,0,2,7,0.810,10,0,0,2,5,0,disruptor,0.3832829158857348,reactive,collapsed,0.7213215553335877,pref_epistemic,true,false,false,1
2,pluralist,5,apriori,false,false,false,true,1,1,0,4,0.488,6,0,0,0,4,0,initiator,0.7472264715607432,reactive,pluralist,0.47227021695111526,pref_apriori,true,false,false,1
2,pluralist,6,legal,true,true,true,true,1,0,1,6,0.892,11,0,0,1,5,0,responder,0.5751328518641885,proactive,utopian,0.6323697312404628,pref_legal,true,false,false,1
2,pluralist,7,apriori,false,false,false,true,0,0,0,4,0.967,7,0,0,0,4,0,initiator,0.9962509871052667,proactive,pluralist,0.6846318268901006,pref_legal,true,false,false,1
2,pluralist,8,legal,true,false,true,false,1,0,1,7,0.646,12,1,0,1,6,0,mediator,0.06494366419771158,proactive,pluralist,0.44853659822642244,pref_care,true,false,false,1
2,pluralist,10,epistemic,true,true,false,false,0,0,0,0,0.368,2,0,0,0,0,0,mediator,0.8102107587832921,proactive,pluralist,0.6114871945577384,pref_apriori,true,false,false,1
2,pluralist,11,legal,false,false,true,true,0,0,0,1,0.421,6,0,0,0,1,0,mediator,0.6787188204051888,proactive,pluralist,0.4130756365843273,pref_care,true,false,false,1
2,pluralist,12,epistemic,false,true,true,true,0,0,0,4,0.427,4,0,0,0,4,0,responder,0.4548565221667805,proactive,pluralist,0.697261676421743,pref_apriori,true,false,false,1
2,pluralist,13,legal,false,true,false,true,0,0,0,3,0.627,9,1,0,0,3,1,initiator,0.8784340094611738,reactive,pluralist,0.7333730405622881,pref_epistemic,true,false,false,1
2,pluralist,14,care,false,false,true,false,0,0,0,4,0.665,9,0,0,0,4,0,mediator,0.6504969252508855,reactive,allCare,0.4831134495019558,pref_apriori,true,false,false,1
2,pluralist,16,care,false,true,false,true,0,0,0,1,0.694,3,0,0,0,1,0,mediator,0.6525624546087789,proactive,pluralist,0.7628215909286749,pref_epistemic,true,false,false,1
2,pluralist,18,care,false,true,true,true,2,1,1,4,0.509,6,1,1,1,3,0,initiator,0.09689729909049538,proactive,pluralist,0.5313074070486319,pref_apriori,true,false,false,1
2,pluralist,19,epistemic,true,false,false,false,0,0,0,4,0.711,5,0,0,0,4,0,initiator,0.0680790698467385,reactive,pluralist,0.49887820459116833,pref_legal,true,false,false,1
2,pluralist,20,apriori,false,true,true,false,0,0,0,3,0.656,6,1,0,0,3,2,responder,0.6319612809417119,proactive,pluralist,0.5733747969766114,pref_apriori,true,false,false,1
2,pluralist,22,apriori,false,false,true,false,0,0,0,2,0.572,8,0,0,0,2,0,initiator,0.776237816193409,proactive,allCare,0.7830551076607318,pref_apriori,true,false,false,1
2,pluralist,23,apriori,false,true,false,false,0,0,0,2,0.454,4,0,0,0,2,0,disruptor,0.37083537404619527,proactive,authoritarian,0.7299914546673133,pref_epistemic,true,false,false,1
2,pluralist,25,legal,false,false,true,false,1,0,1,2,0.827,8,0,0,1,1,0,disruptor,0.8623302956404483,reactive,allCare,0.763720988878412,pref_apriori,true,false,false,1
2,pluralist,26,legal,true,false,false,true,0,0,0,2,0.366,7,0,0,0,2,0,initiator,0.1118132090594871,reactive,pluralist,0.7680107486603873,pref_care,true,false,false,1
2,pluralist,27,epistemic,true,true,true,false,1,0,1,2,0.827,8,0,0,1,1,0,initiator,0.05125734685883798,proactive,pluralist,0.46849966805318594,pref_apriori,true,false,false,1
2,pluralist,28,care,true,true,true,true,1,1,0,2,0.683,9,1,1,0,2,0,initiator,0.44034824868950295,proactive,utopian,0.5944871299265074,pref_legal,true,false,false,1
2,pluralist,30,apriori,false,true,true,false,0,0,0,2,0.331,4,0,0,0,2,0,mediator,0.6080107868053617,proactive,pluralist,0.7421541879816158,pref_epistemic,true,false,false,1
2,pluralist,31,apriori,false,true,true,true,0,0,0,3,0.807,6,0,0,0,3,0,disruptor,0.06106869885781552,reactive,pluralist,0.4807547648675808,pref_legal,true,false,false,1
2,pluralist,32,care,true,true,false,false,2,1,1,8,0.620,10,0,1,1,7,0,responder,0.5607536723117786,proactive,pluralist,0.4738433253182839,pref_legal,true,false,false,1
2,pluralist,33,care,false,false,false,false,0,0,0,6,0.918,11,0,0,0,6,0,initiator,0.8694167164876736,proactive,collapsed,0.7296680834264357,pref_legal,true,false,false,1
2,pluralist,34,apriori,true,false,true,true,0,0,0,6,0.498,9,0,0,0,6,0,mediator,0.5460721734772647,reactive,pluralist,0.4563024449557056,pref_epistemic,true,false,false,1
2,pluralist,35,care,false,false,false,true,0,0,0,2,0.891,3,0,0,0,2,0,mediator,0.6032527435386225,proactive,pluralist,0.42780160442871007,pref_epistemic,true,false,false,1
2,pluralist,36,care,true,false,false,false,0,0,0,7,0.986,10,0,0,0,7,0,initiator,0.014008262328598975,reactive,pluralist,0.6950482146983561,pref_epistemic,true,false,false,1
2,pluralist,37,care,true,false,false,true,0,0,0,6,0.983,14,0,0,0,6,0,mediator,0.7149472078550233,proactive,pluralist,0.695162490377363,pref_care,true,false,false,1
2,pluralist,38,apriori,false,true,true,true,0,0,0,4,0.550,7,0,0,0,4,0,responder,0.942223644160139,proactive,pluralist,0.5161713738768287,pref_care,true,false,false,1
2,pluralist,40,legal,true,true,true,true,1,1,0,1,0.456,3,1,1,0,1,0,disruptor,0.7353865423449866,reactive,utopian,0.6859483731534748,pref_legal,true,false,false,1
2,pluralist,41,epistemic,true,false,true,true,0,0,0,3,0.753,10,1,0,0,3,0,responder,0.5442971429883283,proactive,pluralist,0.478753685755244,pref_legal,true,false,false,1
2,pluralist,42,care,false,false,true,true,0,0,0,2,0.737,3,0,0,0,2,0,mediator,0.7152981313090129,proactive,pluralist,0.4785935266251076,pref_legal,true,false,false,1
2,pluralist,44,apriori,true,true,false,false,1,0,1,8,0.761,11,1,0,1,7,0,disruptor,0.811390002035253,reactive,pluralist,0.4687565512728859,pref_epistemic,true,false,false,1
2,pluralist,46,legal,false,false,true,false,0,0,0,3,0.742,5,0,0,0,3,0,disruptor,0.5240530945128262,reactive,allCare,0.6259463989748071,pref_care,true,false,false,1
2,pluralist,47,epistemic,true,false,true,false,0,0,0,4,0.416,6,0,0,0,4,0,initiator,0.1710006256068407,reactive,pluralist,0.46088954922146663,pref_apriori,true,false,false,1
2,pluralist,48,apriori,true,true,false,true,0,0,0,2,0.574,5,0,0,0,2,0,responder,0.23484325657111282,reactive,pluralist,0.7898931175320505,pref_care,true,false,false,1
2,pluralist,49,care,false,true,true,true,1,0,1,3,0.762,5,0,0,1,2,0,initiator,0.8966756168791543,proactive,pluralist,0.6269119408513611,pref_care,true,false,false,1
2,pluralist,50,legal,false,false,true,true,0,0,0,4,0.308,9,0,0,0,4,1,disruptor,0.23781143161655272,proactive,pluralist,0.7319606655779722,pref_apriori,true,false,false,1
2,pluralist,51,epistemic,true,true,false,true,0,0,0,4,0.704,14,0,0,0,4,0,responder,0.34971470685043426,reactive,pluralist,0.7973590245486776,pref_legal,true,false,false,1
2,pluralist,52,care,false,false,false,false,0,0,0,3,0.933,5,0,0,0,3,0,disruptor,0.16024590867031474,proactive,collapsed,0.5376501295975225,pref_apriori,true,false,false,1
2,pluralist,53,legal,true,true,true,false,0,0,0,3,0.787,8,0,0,0,3,0,mediator,0.6508101889089257,reactive,pluralist,0.5682011034234824,pref_apriori,true,false,false,1
2,pluralist,54,legal,false,true,true,false,0,0,0,6,0.931,8,0,0,0,6,0,initiator,0.920405302523688,proactive,pluralist,0.5146805992086806,pref_apriori,true,false,false,1
2,pluralist,55,epistemic,true,true,false,false,0,0,0,6,0.639,9,0,0,0,6,0,responder,0.16086699218584155,proactive,pluralist,0.5677683013698145,pref_apriori,true,false,false,1
2,pluralist,57,legal,true,false,false,true,0,0,0,1,0.338,7,0,0,0,1,1,responder,0.42220713444413094,reactive,pluralist,0.7616626195149465,pref_care,true,false,false,1
2,pluralist,58,epistemic,false,false,false,true,0,0,0,1,0.745,2,0,0,0,1,0,responder,0.49980756372569113,reactive,pluralist,0.7534411667569115,pref_legal,true,false,false,1
2,pluralist,59,apriori,false,true,true,true,0,0,0,2,0.780,5,0,0,0,2,0,disruptor,0.7931669377949508,proactive,pluralist,0.6579363115621168,pref_epistemic,true,false,false,1
2,pluralist,60,epistemic,false,true,true,false,1,1,0,3,0.325,9,1,1,0,3,0,responder,0.3982181696048229,proactive,pluralist,0.41279794258841435,pref_apriori,true,false,false,1
2,pluralist,61,care,true,false,false,false,1,0,1,4,0.620,7,0,0,1,3,0,initiator,0.3226235126234477,reactive,pluralist,0.6032021133523282,pref_apriori,true,false,false,1
2,pluralist,62,epistemic,false,true,true,false,0,0,0,2,0.322,6,0,0,0,2,0,disruptor,0.16806828936187224,reactive,pluralist,0.5148012048136947,pref_legal,true,false,false,1
2,pluralist,63,legal,false,false,false,false,0,0,0,4,0.582,9,0,0,0,4,0,mediator,0.5982151454988764,reactive,collapsed,0.4371620589382524,pref_care,true,false,false,1
2,pluralist,64,epistemic,false,true,true,true,0,0,0,5,0.857,8,0,0,0,5,0,mediator,0.23032348034843497,reactive,pluralist,0.5816105921829978,pref_apriori,true,false,false,1
2,pluralist,66,epistemic,false,false,true,true,0,0,0,4,0.524,10,0,0,0,4,0,responder,0.02848376487026405,reactive,pluralist,0.6105008474446763,pref_legal,true,false,false,1
2,pluralist,67,epistemic,false,true,true,true,0,0,0,3,0.834,7,0,0,0,3,0,responder,0.04235011344029338,proactive,pluralist,0.7508229821542869,pref_legal,true,false,false,1
2,pluralist,69,apriori,true,false,true,false,0,0,0,6,0.488,7,0,0,0,6,0,mediator,0.8172531395752152,proactive,pluralist,0.7793602184769315,pref_care,true,false,false,1
2,pluralist,70,epistemic,true,true,true,true,0,0,0,3,0.759,6,1,0,0,3,0,mediator,0.10037530089486724,reactive,utopian,0.7635483444892659,pref_legal,true,false,false,1
2,pluralist,71,apriori,true,false,false,true,0,0,0,2,0.396,10,0,0,0,2,0,disruptor,0.9173544854383375,reactive,pluralist,0.4542147742257936,pref_epistemic,true,false,false,1
2,pluralist,72,apriori,false,false,false,true,0,0,0,4,0.309,6,0,0,0,4,0,disruptor,0.6713462283451967,reactive,pluralist,0.7772468677554905,pref_legal,true,false,false,1
2,pluralist,73,epistemic,true,true,false,false,0,0,0,2,0.712,6,0,0,0,2,0,responder,0.4367440478775545,proactive,pluralist,0.4568656905831466,pref_apriori,true,false,false,1
2,pluralist,74,care,false,true,true,true,1,1,0,2,0.934,8,1,1,0,2,0,initiator,0.1998239510589752,proactive,pluralist,0.40712036222252185,pref_care,true,false,false,1
2,pluralist,75,care,false,false,false,false,0,0,0,4,0.779,10,0,0,0,4,2,mediator,0.9742096532720141,reactive,collapsed,0.7727301982044413,pref_care,true,false,false,1
2,pluralist,76,legal,true,true,false,true,1,1,0,4,0.563,14,1,1,0,4,0,mediator,0.7901212169963936,reactive,pluralist,0.6431409093775241,pref_epistemic,true,false,false,1
2,pluralist,77,apriori,true,false,false,false,0,0,0,1,0.709,10,0,0,0,1,1,initiator,0.025622077648175146,reactive,pluralist,0.7265773601964514,pref_care,true,false,false,1
2,pluralist,78,apriori,true,true,false,false,0,0,0,0,0.407,2,0,0,0,0,0,mediator,0.3070293430785078,reactive,pluralist,0.5584823220879132,pref_legal,true,false,false,1
2,pluralist,79,epistemic,true,false,false,false,1,1,0,0,0.865,4,1,1,0,0,0,mediator,0.9838272994297148,reactive,pluralist,0.7716022181766833,pref_epistemic,true,false,false,1
2,pluralist,80,care,true,true,false,true,0,0,0,5,0.595,10,1,0,0,5,0,initiator,0.7215256431162415,reactive,pluralist,0.6797880760734614,pref_care,true,false,false,1
2,pluralist,81,apriori,false,true,true,false,0,0,0,6,0.629,10,0,0,0,6,0,mediator,0.7905033940268271,proactive,pluralist,0.6661941030282105,pref_care,true,false,false,1
2,pluralist,82,legal,false,false,false,false,1,0,1,4,0.499,8,0,0,1,3,0,disruptor,0.7195553824907428,proactive,collapsed,0.5176483307083223,pref_apriori,true,false,false,1
2,pluralist,83,epistemic,false,false,false,false,1,0,1,4,0.333,10,0,0,1,3,1,disruptor,0.21826681662275893,proactive,collapsed,0.5916589073368665,pref_epistemic,true,false,false,1
2,pluralist,84,apriori,false,false,false,false,0,0,0,4,0.827,6,0,0,0,4,0,responder,0.5489959863363922,reactive,collapsed,0.7543956196305341,pref_legal,true,false,false,1
2,pluralist,85,care,true,false,false,false,0,0,0,5,0.529,6,0,0,0,5,0,initiator,0.22377388000547627,proactive,pluralist,0.6773657876958872,pref_legal,true,false,false,1
2,pluralist,86,epistemic,true,false,false,true,1,1,0,2,0.780,6,1,1,0,2,0,initiator,0.9237393953621245,reactive,pluralist,0.6624404886080117,pref_care,true,false,false,1
2,pluralist,88,epistemic,true,true,true,false,0,0,0,4,0.330,9,0,0,0,4,0,disruptor,0.7880993036403484,proactive,pluralist,0.7958872071710574,pref_apriori,true,false,false,1
2,pluralist,89,apriori,false,true,true,true,0,0,0,5,0.571,9,0,0,0,5,0,disruptor,0.7255661572802448,proactive,pluralist,0.7499230868445765,pref_legal,true,false,false,1
2,pluralist,90,apriori,true,false,true,false,0,0,0,2,0.692,5,0,0,0,2,0,disruptor,0.973411288455425,reactive,pluralist,0.7622063527602112,pref_apriori,true,false,false,1
2,pluralist,91,apriori,false,true,false,false,0,0,0,1,0.544,5,1,0,0,1,0,initiator,0.8889345567466336,reactive,authoritarian,0.742228168850262,pref_care,true,false,false,1
2,pluralist,92,legal,false,false,false,false,0,0,0,6,0.687,8,0,0,0,6,0,mediator,0.911989661081539,reactive,collapsed,0.5241793371161264,pref_legal,true,false,false,1
2,pluralist,94,care,true,true,false,false,1,1,0,6,0.450,9,1,1,0,6,0,initiator,0.32479826774427645,proactive,pluralist,0.5035024801117648,pref_care,true,false,false,1
2,pluralist,96,legal,true,true,true,false,0,0,0,2,0.348,3,0,0,0,2,0,initiator,0.8530373329241219,proactive,pluralist,0.7965331169557077,pref_care,true,false,false,1
2,pluralist,97,apriori,true,true,false,false,0,0,0,5,0.819,10,0,0,0,5,0,responder,0.36585873540098,proactive,pluralist,0.7015228129262474,pref_apriori,true,false,false,1
2,pluralist,98,apriori,true,true,true,true,0,0,0,0,0.937,5,0,0,0,0,2,initiator,0.8675831758888848,reactive,utopian,0.5353676042724984,pref_epistemic,true,false,false,1
2,pluralist,99,apriori,false,false,false,false,0,0,0,1,0.337,6,0,0,0,1,1,initiator,0.5316607482887119,reactive,collapsed,0.6948788722768793,pref_legal,true,false,false,1
2,pluralist,100,apriori,false,true,false,false,0,0,0,0,0.957,0,0,0,0,0,0,mediator,0.37320173794768396,reactive,authoritarian,0.5523400348405315,pref_apriori,true,false,false,1
2,pluralist,101,epistemic,true,false,false,true,0,0,0,0,0.937,0,0,0,0,0,0,mediator,0.8201318758811241,proactive,pluralist,0.23485851998083584,pref_epistemic,true,false,false,1
2,pluralist,102,care,true,true,true,true,0,0,0,0,0.632,0,0,0,0,0,0,responder,0.7546438505656149,reactive,utopian,0.8060773917286619,pref_care,true,false,false,1
2,pluralist,103,care,false,false,false,true,0,0,0,0,0.938,0,0,0,0,0,0,responder,0.22385358642817843,reactive,pluralist,0.25947200972743084,pref_care,true,false,false,1
2,pluralist,104,epistemic,true,true,true,true,0,0,0,0,0.370,0,0,0,0,0,0,initiator,0.3185464815124467,reactive,utopian,0.8912241830665599,pref_epistemic,true,false,false,1
2,pluralist,105,care,false,false,true,false,0,0,0,0,0.836,0,0,0,0,0,0,disruptor,0.35219262634907156,reactive,allCare,0.22820978982505358,pref_care,true,false,false,1
2,pluralist,106,epistemic,true,false,true,false,0,0,0,0,0.405,0,0,0,0,0,0,initiator,0.804031134018629,proactive,pluralist,0.30976137635772405,pref_epistemic,true,false,false,1
2,pluralist,107,apriori,true,true,false,true,0,0,0,0,0.543,0,0,0,0,0,0,initiator,0.5313620829011817,reactive,pluralist,0.9865281473859779,pref_apriori,true,false,false,1
2,pluralist,108,epistemic,true,true,false,true,0,0,0,0,0.761,0,0,0,0,0,0,mediator,0.23988957747076312,proactive,pluralist,0.2508705697361213,pref_epistemic,true,false,false,1
2,pluralist,109,care,false,false,false,false,0,0,0,0,0.968,0,0,0,0,0,0,disruptor,0.6411104918198406,proactive,collapsed,0.9572377950544051,pref_care,true,false,false,1
2,pluralist,110,epistemic,false,false,false,true,0,0,0,0,0.727,0,0,0,0,0,0,mediator,0.07649862716700861,proactive,pluralist,0.6921683357762922,pref_epistemic,true,false,false,1
2,pluralist,111,epistemic,false,true,true,false,0,0,0,0,0.242,0,0,0,0,0,0,disruptor,0.12074266370581832,reactive,pluralist,0.44159604952399517,pref_epistemic,true,false,false,1
2,pluralist,112,legal,false,false,false,false,0,0,0,0,0.507,0,0,0,0,0,0,mediator,0.8961708524775233,proactive,collapsed,0.6876327490605905,pref_legal,true,false,false,1
2,pluralist,113,epistemic,false,true,true,true,0,0,0,0,0.894,0,0,0,0,0,0,mediator,0.48847461358640465,proactive,pluralist,0.24466662473190903,pref_epistemic,true,false,false,1
2,pluralist,114,epistemic,true,true,true,true,0,0,0,0,0.840,0,0,0,0,0,0,disruptor,0.5129095388487152,proactive,utopian,0.7712364754852112,pref_epistemic,true,false,false,1
2,pluralist,115,apriori,false,false,false,true,0,0,0,0,0.359,0,0,0,0,0,0,mediator,0.1854002297451084,reactive,pluralist,0.5569048110684358,pref_apriori,true,false,false,1
2,pluralist,116,legal,false,false,false,false,0,0,0,0,0.716,0,0,0,0,0,0,initiator,0.8647553776161586,reactive,collapsed,0.9174497985361303,pref_legal,true,false,false,1
2,pluralist,118,apriori,true,true,false,false,0,0,0,0,0.493,0,0,0,0,0,0,responder,0.2829323764103111,proactive,pluralist,0.3116359684474139,pref_apriori,true,false,false,1
2,pluralist,119,epistemic,true,false,false,true,0,0,0,0,0.718,0,0,0,0,0,0,disruptor,0.4804763943810296,reactive,pluralist,0.9066786505729865,pref_epistemic,true,false,false,1
2,pluralist,120,epistemic,true,false,true,false,0,0,0,0,0.758,0,0,0,0,0,0,responder,0.3495771176638507,proactive,pluralist,0.273011007520795,pref_epistemic,true,false,false,1
2,pluralist,121,care,true,true,false,false,0,0,0,0,0.518,0,0,0,0,0,0,responder,0.4760542659221142,reactive,pluralist,0.5617548352190173,pref_care,true,false,false,1
3,pluralist,0,legal,false,true,false,true,0,0,0,4,0.811,9,0,0,0,4,1,disruptor,0.10018783083575211,reactive,pluralist,0.5060988220041673,pref_apriori,true,false,false,1
3,pluralist,1,apriori,false,true,false,false,1,1,0,1,0.891,4,1,1,0,1,0,initiator,0.7735294360442376,proactive,authoritarian,0.590706458341733,pref_care,true,false,false,1
3,pluralist,2,apriori,true,false,true,true,0,0,0,2,0.504,5,0,0,0,2,0,responder,0.3498413981565375,reactive,pluralist,0.42194367495921825,pref_legal,true,false,false,1
3,pluralist,3,legal,true,false,false,true,0,0,0,7,0.375,14,0,0,0,7,0,disruptor,0.9414224774012359,proactive,pluralist,0.6738048008134208,pref_legal,true,false,false,1
3,pluralist,4,legal,false,false,false,false,2,0,2,7,0.810,10,0,0,2,5,0,disruptor,0.3832829158857348,reactive,collapsed,0.7213215553335877,pref_epistemic,true,false,false,1
3,pluralist,5,apriori,false,false,false,true,1,1,0,4,0.488,8,0,0,0,4,0,initiator,0.7472264715607432,reactive,pluralist,0.47227021695111526,pref_apriori,true,false,false,1
3,pluralist,7,apriori,false,false,false,true,0,0,0,6,0.967,11,0,0,0,6,0,initiator,0.9962509871052667,proactive,pluralist,0.6846318268901006,pref_apriori,true,false,false,1
3,pluralist,8,legal,true,false,true,false,1,0,0,7,0.646,15,1,0,0,7,1,mediator,0.06494366419771158,proactive,pluralist,0.44853659822642244,pref_epistemic,true,false,false,1
3,pluralist,10,epistemic,true,true,false,false,0,0,0,3,0.368,5,0,0,0,3,0,mediator,0.8102107587832921,proactive,pluralist,0.6114871945577384,pref_epistemic,true,false,false,1
3,pluralist,11,legal,false,false,true,true,0,0,0,2,0.421,8,0,0,0,2,0,mediator,0.6787188204051888,proactive,pluralist,0.4130756365843273,pref_legal,true,false,false,1
3,pluralist,12,epistemic,false,true,true,true,0,0,0,5,0.427,7,0,0,0,5,0,responder,0.4548565221667805,proactive,pluralist,0.697261676421743,pref_care,true,false,false,1
3,pluralist,13,legal,false,true,false,true,1,0,0,6,0.627,13,1,0,0,6,1,initiator,0.8784340094611738,reactive,pluralist,0.7333730405622881,pref_epistemic,true,false,false,1
3,pluralist,14,care,false,false,true,false,0,0,0,5,0.665,14,0,0,0,5,1,mediator,0.6504969252508855,reactive,allCare,0.4831134495019558,pref_apriori,true,false,false,1
3,pluralist,16,care,false,true,false,true,1,0,1,4,0.694,7,0,0,1,3,0,mediator,0.6525624546087789,proactive,pluralist,0.7628215909286749,pref_epistemic,true,false,false,1
3,pluralist,18,care,false,true,true,true,2,1,1,6,0.509,9,1,1,1,5,0,initiator,0.09689729909049538,proactive,pluralist,0.5313074070486319,pref_apriori,true,false,false,1
3,pluralist,19,epistemic,true,false,false,false,0,0,0,5,0.711,9,0,0,0,5,0,initiator,0.0680790698467385,reactive,pluralist,0.49887820459116833,pref_apriori,true,false,false,1
3,pluralist,20,apriori,false,true,true,false,0,0,0,4,0.656,10,1,0,0,4,2,responder,0.6319612809417119,proactive,pluralist,0.5733747969766114,pref_apriori,true,false,false,1
3,pluralist,22,apriori,false,false,true,false,0,0,0,4,0.572,11,0,0,0,4,0,initiator,0.776237816193409,proactive,allCare,0.7830551076607318,pref_apriori,true,false,false,1
3,pluralist,23,apriori,false,true,false,false,0,0,0,3,0.454,7,0,0,0,3,0,disruptor,0.37083537404619527,proactive,authoritarian,0.7299914546673133,pref_legal,true,false,false,1
3,pluralist,25,legal,false,false,true,false,2,0,2,3,0.827,11,0,0,2,1,0,disruptor,0.8623302956404483,reactive,allCare,0.763720988878412,pref_care,true,false,false,1
3,pluralist,26,legal,true,false,false,true,1,1,0,4,0.366,11,0,1,0,4,0,initiator,0.1118132090594871,reactive,pluralist,0.7680107486603873,pref_care,true,false,false,1
3,pluralist,27,epistemic,true,true,true,false,2,0,1,3,0.827,10,0,0,1,2,1,initiator,0.05125734685883798,proactive,pluralist,0.46849966805318594,pref_care,true,false,false,1
3,pluralist,28,care,true,true,true,true,1,1,0,3,0.683,10,1,1,0,3,0,initiator,0.44034824868950295,proactive,utopian,0.5944871299265074,pref_legal,true,false,false,1
3,pluralist,30,apriori,false,true,true,false,1,0,0,2,0.331,5,0,0,0,2,1,mediator,0.6080107868053617,proactive,pluralist,0.7421541879816158,pref_epistemic,true,false,false,1
3,pluralist,31,apriori,false,true,true,true,0,0,0,2,0.807,7,0,0,0,2,1,disruptor,0.06106869885781552,reactive,pluralist,0.4807547648675808,pref_legal,true,false,false,1
3,pluralist,32,care,true,true,false,false,2,1,1,9,0.620,11,0,1,1,8,0,responder,0.5607536723117786,proactive,pluralist,0.4738433253182839,pref_epistemic,true,false,false,1
3,pluralist,33,care,false,false,false,false,0,0,0,6,0.918,11,0,0,0,6,0,initiator,0.8694167164876736,proactive,collapsed,0.7296680834264357,pref_care,true,false,false,1
3,pluralist,34,apriori,true,false,true,true,0,0,0,6,0.498,12,0,0,0,6,1,mediator,0.5460721734772647,reactive,pluralist,0.4563024449557056,pref_epistemic,true,false,false,1
3,pluralist,35,care,false,false,false,true,0,0,0,3,0.891,4,0,0,0,3,0,mediator,0.6032527435386225,proactive,pluralist,0.42780160442871007,pref_apriori,true,false,false,1
3,pluralist,36,care,true,false,false,false,1,1,0,7,0.986,12,1,1,0,7,0,initiator,0.014008262328598975,reactive,pluralist,0.6950482146983561,pref_apriori,true,false,false,1
3,pluralist,37,care,true,false,false,true,0,0,0,6,0.983,16,0,0,0,6,0,mediator,0.7149472078550233,proactive,pluralist,0.695162490377363,pref_legal,true,false,false,1
3,pluralist,38,apriori,false,true,true,true,0,0,0,6,0.550,10,0,0,0,6,0,responder,0.942223644160139,proactive,pluralist,0.5161713738768287,pref_care,true,false,false,1
3,pluralist,40,legal,true,true,true,true,2,2,0,6,0.456,12,1,2,0,6,0,disruptor,0.7353865423449866,reactive,utopian,0.6859483731534748,pref_legal,true,false,false,1
3,pluralist,41,epistemic,true,false,true,true,1,1,0,2,0.753,10,1,1,0,2,0,responder,0.5442971429883283,proactive,pluralist,0.478753685755244,pref_epistemic,true,false,false,1
3,pluralist,42,legal,false,false,true,true,0,0,0,3,0.737,5,0,0,0,3,1,mediator,0.7152981313090129,proactive,pluralist,0.4785935266251076,pref_apriori,true,false,false,1
3,pluralist,44,apriori,true,true,false,false,2,1,1,9,0.761,14,1,1,1,8,0,disruptor,0.811390002035253,reactive,pluralist,0.4687565512728859,pref_care,true,false,false,1
3,pluralist,46,legal,false,false,true,false,0,0,0,7,0.742,10,0,0,0,7,0,disruptor,0.5240530945128262,reactive,allCare,0.6259463989748071,pref_epistemic,true,false,false,1
3,pluralist,47,epistemic,true,false,true,false,0,0,0,6,0.416,9,0,0,0,6,0,initiator,0.1710006256068407,reactive,pluralist,0.46088954922146663,pref_care,true,false,false,1
3,pluralist,48,apriori,true,true,false,true,0,0,0,4,0.574,9,0,0,0,4,0,responder,0.23484325657111282,reactive,pluralist,0.7898931175320505,pref_epistemic,true,false,false,1
3,pluralist,49,care,false,true,true,true,1,0,1,4,0.762,6,0,0,1,3,0,initiator,0.8966756168791543,proactive,pluralist,0.6269119408513611,pref_apriori,true,false,false,1
3,pluralist,50,legal,false,false,true,true,0,0,0,5,0.308,12,0,0,0,5,1,disruptor,0.23781143161655272,proactive,pluralist,0.7319606655779722,pref_care,true,false,false,1
3,pluralist,51,epistemic,true,true,false,true,0,0,0,6,0.704,16,0,0,0,6,0,responder,0.34971470685043426,reactive,pluralist,0.7973590245486776,pref_epistemic,true,false,false,1
3,pluralist,52,care,false,false,false,false,0,0,0,3,0.933,7,0,0,0,3,0,disruptor,0.16024590867031474,proactive,collapsed,0.5376501295975225,pref_apriori,true,false,false,1
3,pluralist,53,legal,true,true,true,false,0,0,0,4,0.787,13,0,0,0,4,0,mediator,0.6508101889089257,reactive,pluralist,0.5682011034234824,pref_apriori,true,false,false,1
3,pluralist,54,legal,false,true,true,false,0,0,0,6,0.931,11,0,0,0,6,2,initiator,0.920405302523688,proactive,pluralist,0.5146805992086806,pref_care,true,false,false,1
3,pluralist,55,epistemic,true,true,false,false,0,0,0,8,0.639,12,0,0,0,8,0,responder,0.16086699218584155,proactive,pluralist,0.5677683013698145,pref_epistemic,true,false,false,1
3,pluralist,57,legal,true,false,false,true,0,0,0,3,0.338,9,0,0,0,3,1,responder,0.42220713444413094,reactive,pluralist,0.7616626195149465,pref_legal,true,false,false,1
3,pluralist,58,epistemic,false,false,false,true,0,0,0,1,0.745,2,0,0,0,1,0,responder,0.49980756372569113,reactive,pluralist,0.7534411667569115,pref_apriori,true,false,false,1
3,pluralist,59,apriori,false,true,true,true,0,0,0,3,0.780,6,0,0,0,3,0,disruptor,0.7931669377949508,proactive,pluralist,0.6579363115621168,pref_apriori,true,false,false,1
3,pluralist,60,epistemic,false,true,true,false,1,1,0,2,0.325,9,1,1,0,2,1,responder,0.3982181696048229,proactive,pluralist,0.41279794258841435,pref_apriori,true,false,false,1
3,pluralist,61,care,true,false,false,false,1,0,1,7,0.620,12,0,0,1,6,0,initiator,0.3226235126234477,reactive,pluralist,0.6032021133523282,pref_apriori,true,false,false,1
3,pluralist,62,legal,false,true,true,false,0,0,0,4,0.322,9,0,0,0,4,0,disruptor,0.16806828936187224,reactive,pluralist,0.5148012048136947,pref_legal,true,false,false,1
3,pluralist,63,legal,false,false,false,false,1,1,0,7,0.582,12,0,0,0,7,0,mediator,0.5982151454988764,reactive,collapsed,0.4371620589382524,pref_epistemic,true,false,false,1
3,pluralist,64,epistemic,false,true,true,true,1,0,1,7,0.857,12,0,0,1,6,0,mediator,0.23032348034843497,reactive,pluralist,0.5816105921829978,pref_apriori,true,false,false,1
3,pluralist,66,epistemic,false,false,true,true,0,0,0,6,0.524,14,0,0,0,6,0,responder,0.02848376487026405,reactive,pluralist,0.6105008474446763,pref_care,true,false,false,1
3,pluralist,67,epistemic,false,true,true,true,0,0,0,5,0.834,10,0,0,0,5,0,responder,0.04235011344029338,proactive,pluralist,0.7508229821542869,pref_apriori,true,false,false,1
3,pluralist,69,apriori,true,false,true,false,0,0,0,9,0.488,11,0,0,0,9,1,mediator,0.8172531395752152,proactive,pluralist,0.7793602184769315,pref_care,true,false,false,1
3,pluralist,70,epistemic,true,true,true,true,0,0,0,2,0.759,7,1,0,0,2,1,mediator,0.10037530089486724,reactive,utopian,0.7635483444892659,pref_legal,true,false,false,1
3,pluralist,71,apriori,true,false,false,true,1,0,1,6,0.396,14,0,0,1,5,0,disruptor,0.9173544854383375,reactive,pluralist,0.4542147742257936,pref_epistemic,true,false,false,1
3,pluralist,72,apriori,false,false,false,true,0,0,0,5,0.309,8,0,0,0,5,0,disruptor,0.6713462283451967,reactive,pluralist,0.7772468677554905,pref_apriori,true,false,false,1
3,pluralist,73,epistemic,true,true,false,false,0,0,0,2,0.712,9,1,0,0,2,1,responder,0.4367440478775545,proactive,pluralist,0.4568656905831466,pref_care,true,false,false,1
3,pluralist,74,care,false,true,true,true,1,1,0,6,0.934,12,1,1,0,6,0,initiator,0.1998239510589752,proactive,pluralist,0.40712036222252185,pref_epistemic,true,false,false,1
3,pluralist,75,care,false,false,false,false,0,0,0,5,0.779,11,0,0,0,5,2,mediator,0.9742096532720141,reactive,collapsed,0.7727301982044413,pref_care,true,false,false,1
3,pluralist,76,legal,true,true,false,true,1,1,0,5,0.563,17,1,1,0,5,0,mediator,0.7901212169963936,reactive,pluralist,0.6431409093775241,pref_epistemic,true,false,false,1
3,pluralist,77,apriori,true,false,false,false,1,0,1,2,0.709,14,0,0,1,1,2,initiator,0.025622077648175146,reactive,pluralist,0.7265773601964514,pref_care,true,false,false,1
3,pluralist,78,apriori,true,true,false,false,0,0,0,1,0.407,4,0,0,0,1,0,mediator,0.3070293430785078,reactive,pluralist,0.5584823220879132,pref_epistemic,true,false,false,1
3,pluralist,79,epistemic,true,false,false,false,1,1,0,3,0.865,7,1,1,0,3,0,mediator,0.9838272994297148,reactive,pluralist,0.7716022181766833,pref_epistemic,true,false,false,1
3,pluralist,80,care,true,true,false,true,0,0,0,5,0.595,15,1,0,0,5,1,initiator,0.7215256431162415,reactive,pluralist,0.6797880760734614,pref_epistemic,true,false,false,1
3,pluralist,81,apriori,false,true,true,false,0,0,0,5,0.629,10,0,0,0,5,1,mediator,0.7905033940268271,proactive,pluralist,0.6661941030282105,pref_care,true,false,false,1
3,pluralist,82,legal,false,false,false,false,1,0,1,5,0.499,9,0,0,1,4,0,disruptor,0.7195553824907428,proactive,collapsed,0.5176483307083223,pref_care,true,false,false,1
3,pluralist,84,apriori,false,false,false,false,1,0,1,7,0.827,9,0,0,1,6,0,responder,0.5489959863363922,reactive,collapsed,0.7543956196305341,pref_epistemic,true,false,false,1
3,pluralist,85,care,true,false,false,false,0,0,0,7,0.529,8,0,0,0,7,0,initiator,0.22377388000547627,proactive,pluralist,0.6773657876958872,pref_apriori,true,false,false,1
3,pluralist,86,epistemic,true,false,false,true,1,1,0,3,0.780,7,1,1,0,3,0,initiator,0.9237393953621245,reactive,pluralist,0.6624404886080117,pref_legal,true,false,false,1
3,pluralist,88,epistemic,true,true,true,false,1,0,1,7,0.330,12,0,0,1,6,0,disruptor,0.7880993036403484,proactive,pluralist,0.7958872071710574,pref_apriori,true,false,false,1
3,pluralist,89,apriori,false,true,true,true,0,0,0,8,0.571,16,0,0,0,8,0,disruptor,0.7255661572802448,proactive,pluralist,0.7499230868445765,pref_care,true,false,false,1
3,pluralist,90,apriori,true,false,true,false,0,0,0,2,0.692,7,0,0,0,2,0,disruptor,0.973411288455425,reactive,pluralist,0.7622063527602112,pref_apriori,true,false,false,1
3,pluralist,91,apriori,false,true,false,false,0,0,0,1,0.544,8,1,0,0,1,0,initiator,0.8889345567466336,reactive,authoritarian,0.742228168850262,pref_care,true,false,false,1
3,pluralist,92,legal,false,false,false,false,0,0,0,7,0.687,9,0,0,0,7,0,mediator,0.911989661081539,reactive,collapsed,0.5241793371161264,pref_care,true,false,false,1
3,pluralist,94,care,true,true,false,false,1,1,0,8,0.450,11,1,1,0,8,0,initiator,0.32479826774427645,proactive,pluralist,0.5035024801117648,pref_legal,true,false,false,1
3,pluralist,96,legal,true,true,true,false,0,0,0,4,0.348,7,1,0,0,4,0,initiator,0.8530373329241219,proactive,pluralist,0.7965331169557077,pref_care,true,false,false,1
3,pluralist,97,apriori,true,true,false,false,0,0,0,6,0.819,12,0,0,0,6,0,responder,0.36585873540098,proactive,pluralist,0.7015228129262474,pref_apriori,true,false,false,1
3,pluralist,98,apriori,true,true,true,true,0,0,0,2,0.937,8,0,0,0,2,2,initiator,0.8675831758888848,reactive,utopian,0.5353676042724984,pref_epistemic,true,false,false,1
3,pluralist,99,apriori,false,false,false,false,1,0,1,3,0.337,9,0,0,1,2,1,initiator,0.5316607482887119,reactive,collapsed,0.6948788722768793,pref_legal,true,false,false,1
3,pluralist,100,apriori,false,true,false,false,0,0,0,3,0.957,4,0,0,0,3,0,mediator,0.37320173794768396,reactive,authoritarian,0.5523400348405315,pref_apriori,true,false,false,1
3,pluralist,101,epistemic,true,false,false,true,0,0,0,3,0.937,5,0,0,0,3,0,mediator,0.8201318758811241,proactive,pluralist,0.23485851998083584,pref_care,true,false,false,1
3,pluralist,102,care,true,true,true,true,0,0,0,1,0.632,3,0,0,0,1,0,responder,0.7546438505656149,reactive,utopian,0.8060773917286619,pref_epistemic,true,false,false,1
3,pluralist,103,care,false,false,false,true,1,1,0,2,0.938,4,0,1,0,2,0,responder,0.22385358642817843,reactive,pluralist,0.25947200972743084,pref_apriori,true,false,false,1
3,pluralist,104,epistemic,true,true,true,true,0,0,0,1,0.370,2,0,0,0,1,0,initiator,0.3185464815124467,reactive,utopian,0.8912241830665599,pref_care,true,false,false,1
3,pluralist,105,care,false,false,true,false,0,0,0,1,0.836,2,0,0,0,1,0,disruptor,0.35219262634907156,reactive,allCare,0.22820978982505358,pref_care,true,false,false,1
3,pluralist,106,epistemic,true,false,true,false,0,0,0,1,0.405,3,0,0,0,1,0,initiator,0.804031134018629,proactive,pluralist,0.30976137635772405,pref_epistemic,true,false,false,1
3,pluralist,107,apriori,true,true,false,true,0,0,0,0,0.543,1,0,0,0,0,0,initiator,0.5313620829011817,reactive,pluralist,0.9865281473859779,pref_legal,true,false,false,1
3,pluralist,108,epistemic,true,true,false,true,0,0,0,1,0.761,2,0,0,0,1,0,mediator,0.23988957747076312,proactive,pluralist,0.2508705697361213,pref_apriori,true,false,false,1
3,pluralist,109,care,false,false,false,false,0,0,0,1,0.968,1,0,0,0,1,0,disruptor,0.6411104918198406,proactive,collapsed,0.9572377950544051,pref_legal,true,false,false,1
3,pluralist,110,epistemic,false,false,false,true,0,0,0,3,0.727,3,0,0,0,3,0,mediator,0.07649862716700861,proactive,pluralist,0.6921683357762922,pref_apriori,true,false,false,1
3,pluralist,111,epistemic,false,true,true,false,0,0,0,1,0.242,6,0,0,0,1,0,disruptor,0.12074266370581832,reactive,pluralist,0.44159604952399517,pref_apriori,true,false,false,1
3,pluralist,112,legal,false,false,false,false,1,0,1,4,0.507,5,0,0,1,3,0,mediator,0.8961708524775233,proactive,collapsed,0.6876327490605905,pref_legal,true,false,false,1
3,pluralist,113,epistemic,false,true,true,true,0,0,0,0,0.894,2,0,0,0,0,0,mediator,0.48847461358640465,proactive,pluralist,0.24466662473190903,pref_apriori,true,false,false,1
3,pluralist,114,epistemic,true,true,true,true,0,0,0,1,0.840,4,0,0,0,1,0,disruptor,0.5129095388487152,proactive,utopian,0.7712364754852112,pref_apriori,true,false,false,1
3,pluralist,115,apriori,false,false,false,true,0,0,0,1,0.359,4,1,0,0,1,0,mediator,0.1854002297451084,reactive,pluralist,0.5569048110684358,pref_apriori,true,false,false,1
3,pluralist,116,legal,false,false,false,false,0,0,0,1,0.716,1,0,0,0,1,0,initiator,0.8647553776161586,reactive,collapsed,0.9174497985361303,pref_apriori,true,false,false,1
3,pluralist,118,apriori,true,true,false,false,0,0,0,2,0.493,3,0,0,0,2,0,responder,0.2829323764103111,proactive,pluralist,0.3116359684474139,pref_epistemic,true,false,false,1
3,pluralist,119,epistemic,true,false,false,true,0,0,0,1,0.718,2,0,0,0,1,0,disruptor,0.4804763943810296,reactive,pluralist,0.9066786505729865,pref_apriori,true,false,false,1
3,pluralist,120,epistemic,true,false,true,false,0,0,0,2,0.758,2,0,0,0,2,0,responder,0.3495771176638507,proactive,pluralist,0.273011007520795,pref_care,true,false,false,1
3,pluralist,121,care,true,true,false,false,0,0,0,0,0.518,0,0,0,0,0,0,responder,0.4760542659221142,reactive,pluralist,0.5617548352190173,pref_care,true,false,false,1
3,pluralist,122,legal,false,false,false,true,0,0,0,0,0.734,0,0,0,0,0,0,initiator,0.9223081075280005,proactive,pluralist,0.7934978051572468,pref_legal,true,false,false,1
3,pluralist,123,apriori,false,false,false,false,0,0,0,0,1.000,0,0,0,0,0,0,initiator,0.03413239213483399,reactive,collapsed,0.4513702738191125,pref_apriori,true,false,false,1
3,pluralist,124,legal,true,false,true,false,0,0,0,0,0.735,0,0,0,0,0,0,disruptor,0.534128830426983,reactive,pluralist,0.2663055937150974,pref_legal,true,false,false,1
3,pluralist,125,legal,false,false,true,true,0,0,0,0,0.499,0,0,0,0,0,0,initiator,0.1916778804976087,proactive,pluralist,0.7289809526397042,pref_legal,true,false,false,1
3,pluralist,126,legal,false,true,false,true,0,0,0,0,0.683,0,0,0,0,0,0,mediator,0.10491361965791857,reactive,pluralist,0.5372854262799828,pref_legal,true,false,false,1
3,pluralist,127,epistemic,true,false,false,false,0,0,0,0,0.736,0,0,0,0,0,0,mediator,0.24331675962474564,reactive,pluralist,0.3401923568851938,pref_epistemic,true,false,false,1
3,pluralist,128,apriori,false,true,false,false,0,0,0,0,0.431,0,0,0,0,0,0,disruptor,0.5952912541349976,reactive,authoritarian,0.37143259013314983,pref_apriori,true,false,false,1
3,pluralist,129,legal,true,true,true,true,0,0,0,0,0.614,0,0,0,0,0,0,disruptor,0.7770678774701341,proactive,utopian,0.2708277131188318,pref_legal,true,false,false,1
3,pluralist,130,epistemic,false,false,false,true,0,0,0,0,0.917,0,0,0,0,0,0,initiator,0.5531662467006638,proactive,pluralist,0.23523325783459192,pref_epistemic,true,false,false,1
3,pluralist,131,epistemic,true,false,false,false,0,0,0,0,0.980,0,0,0,0,0,0,initiator,0.022676753051842136,reactive,pluralist,0.705312968294403,pref_epistemic,true,false,false,1
3,pluralist,132,apriori,false,true,false,true,0,0,0,0,0.619,0,0,0,0,0,0,initiator,0.7485585080332137,reactive,pluralist,0.40323424466347624,pref_apriori,true,false,false,1
3,pluralist,133,care,true,false,true,true,0,0,0,0,0.783,0,0,0,0,0,0,disruptor,0.44894678406211075,reactive,pluralist,0.6961861587380236,pref_care,true,false,false,1
3,pluralist,134,epistemic,true,false,true,false,0,0,0,0,0.423,0,0,0,0,0,0,mediator,0.6737198187171812,proactive,pluralist,0.6725511453355781,pref_epistemic,true,false,false,1
3,pluralist,135,apriori,true,true,false,true,0,0,0,0,0.627,0,0,0,0,0,0,initiator,0.6603651737268875,reactive,pluralist,0.45236453808289206,pref_apriori,true,false,false,1
3,pluralist,136,care,false,false,false,false,0,0,0,0,0.918,0,0,0,0,0,0,responder,0.8128938864871966,reactive,collapsed,0.6820430813345595,pref_care,true,false,false,1
3,pluralist,137,epistemic,true,true,false,false,0,0,0,0,0.676,0,0,0,0,0,0,disruptor,0.8292686723336645,proactive,pluralist,0.4450133688870601,pref_epistemic,true,false,false,1
3,pluralist,138,legal,false,false,false,false,0,0,0,0,0.670,0,0,0,0,0,0,initiator,0.6669487128325137,reactive,collapsed,0.9157271437742278,pref_legal,true,false,false,1
3,pluralist,139,apriori,false,false,false,true,0,0,0,0,0.300,0,0,0,0,0,0,responder,0.9803276169053973,reactive,pluralist,0.23590589816226126,pref_apriori,true,false,false,1
3,pluralist,140,apriori,false,false,false,false,0,0,0,0,0.382,0,0,0,0,0,0,initiator,0.9586963021568438,proactive,collapsed,0.3503635467003654,pref_apriori,true,false,false,1
3,pluralist,141,apriori,false,false,false,false,0,0,0,0,0.732,0,0,0,0,0,0,initiator,0.7652097467940422,proactive,collapsed,0.5235700717786278,pref_apriori,true,false,false,1
3,pluralist,142,care,true,false,false,false,0,0,0,0,0.544,0,0,0,0,0,0,initiator,0.26633306816168356,reactive,pluralist,0.4283387580042044,pref_care,true,false,false,1
3,pluralist,144,epistemic,true,false,true,false,0,0,0,0,0.460,0,0,0,0,0,0,disruptor,0.4945739991473148,reactive,pluralist,0.32399294510638166,pref_epistemic,true,false,false,1
3,pluralist,145,apriori,true,true,false,true,0,0,0,0,0.470,0,0,0,0,0,0,responder,0.4638786958633153,proactive,pluralist,0.7352829107598404,pref_apriori,true,false,false,1
3,pluralist,146,epistemic,true,true,false,true,0,0,0,0,0.739,0,0,0,0,0,0,disruptor,0.8642980806406945,reactive,pluralist,0.23822505067804933,pref_epistemic,true,false,false,1
4,pluralist,1,apriori,false,true,false,false,1,1,0,3,0.891,6,1,1,0,3,0,initiator,0.7735294360442376,proactive,authoritarian,0.590706458341733,pref_care,true,false,false,1
4,pluralist,2,apriori,true,false,true,true,0,0,0,2,0.504,8,1,0,0,2,0,responder,0.3498413981565375,reactive,pluralist,0.42194367495921825,pref_legal,true,false,false,1
4,pluralist,3,legal,true,false,false,true,1,0,1,8,0.375,16,0,0,1,7,1,disruptor,0.9414224774012359,proactive,pluralist,0.6738048008134208,pref_legal,true,false,false,1
4,pluralist,4,legal,false,false,false,false,2,0,2,7,0.810,13,0,0,2,5,0,disruptor,0.3832829158857348,reactive,collapsed,0.7213215553335877,pref_epistemic,true,false,false,1
4,pluralist,5,apriori,false,false,false,true,1,1,0,7,0.488,15,0,0,0,7,0,initiator,0.7472264715607432,reactive,pluralist,0.47227021695111526,pref_legal,true,false,false,1
4,pluralist,7,apriori,false,false,false,true,0,0,0,6,0.967,13,0,0,0,6,1,initiator,0.9962509871052667,proactive,pluralist,0.6846318268901006,pref_care,true,false,false,1
4,pluralist,8,legal,true,false,true,false,1,0,0,11,0.646,20,1,0,0,11,1,mediator,0.06494366419771158,proactive,pluralist,0.44853659822642244,pref_legal,true,false,false,1
4,pluralist,10,epistemic,true,true,false,false,0,0,0,5,0.368,10,0,0,0,5,0,mediator,0.8102107587832921,proactive,pluralist,0.6114871945577384,pref_epistemic,true,false,false,1
4,pluralist,11,legal,false,false,true,true,0,0,0,5,0.421,12,0,0,0,5,0,mediator,0.6787188204051888,proactive,pluralist,0.4130756365843273,pref_apriori,true,false,false,1
4,pluralist,12,epistemic,false,true,true,true,0,0,0,5,0.427,9,0,0,0,5,0,responder,0.4548565221667805,proactive,pluralist,0.697261676421743,pref_legal,true,false,false,1
4,pluralist,13,legal,false,true,false,true,1,0,0,8,0.627,18,1,0,0,8,3,initiator,0.8784340094611738,reactive,pluralist,0.7333730405622881,pref_apriori,true,false,false,1
4,pluralist,14,care,false,false,true,false,0,0,0,5,0.665,16,0,0,0,5,2,mediator,0.6504969252508855,reactive,allCare,0.4831134495019558,pref_epistemic,true,false,false,1
4,pluralist,16,care,false,true,false,true,1,0,1,5,0.694,11,0,0,1,4,0,mediator,0.6525624546087789,proactive,pluralist,0.7628215909286749,pref_apriori,true,false,false,1
4,pluralist,18,care,false,true,true,true,2,1,1,8,0.509,13,1,1,1,7,1,initiator,0.09689729909049538,proactive,pluralist,0.5313074070486319,pref_apriori,true,false,false,1
4,pluralist,19,epistemic,true,false,false,false,0,0,0,6,0.711,13,0,0,0,6,1,initiator,0.0680790698467385,reactive,pluralist,0.49887820459116833,pref_apriori,true,false,false,1
4,pluralist,20,apriori,false,true,true,false,0,0,0,6,0.656,12,1,0,0,6,2,responder,0.6319612809417119,proactive,pluralist,0.5733747969766114,pref_apriori,true,false,false,1
4,pluralist,22,apriori,false,false,true,false,0,0,0,4,0.572,11,0,0,0,4,0,initiator,0.776237816193409,proactive,allCare,0.7830551076607318,pref_legal,true,false,false,1
4,pluralist,23,apriori,false,true,false,false,0,0,0,6,0.454,9,0,0,0,6,0,disruptor,0.37083537404619527,proactive,authoritarian,0.7299914546673133,pref_epistemic,true,false,false,1
4,pluralist,25,legal,false,false,true,false,2,0,2,5,0.827,14,0,0,2,3,0,disruptor,0.8623302956404483,reactive,allCare,0.763720988878412,pref_legal,true,false,false,1
4,pluralist,26,legal,true,false,false,true,2,1,0,6,0.366,13,0,1,0,6,0,initiator,0.1118132090594871,reactive,pluralist,0.7680107486603873,pref_care,true,false,false,1
4,pluralist,27,epistemic,true,true,true,false,2,0,1,4,0.827,11,0,0,1,3,1,initiator,0.05125734685883798,proactive,pluralist,0.46849966805318594,pref_legal,true,false,false,1
4,pluralist,28,care,true,true,true,true,1,1,0,4,0.683,13,1,1,0,4,1,initiator,0.44034824868950295,proactive,utopian,0.5944871299265074,pref_legal,true,false,false,1
4,pluralist,30,apriori,false,true,true,false,1,0,0,2,0.331,5,0,0,0,2,1,mediator,0.6080107868053617,proactive,pluralist,0.7421541879816158,pref_care,true,false,false,1
4,pluralist,31,apriori,false,true,true,true,0,0,0,1,0.807,8,0,0,0,1,3,disruptor,0.06106869885781552,reactive,pluralist,0.4807547648675808,pref_care,true,false,false,1
4,pluralist,32,care,true,true,false,false,2,1,0,7,0.620,12,0,1,0,7,3,responder,0.5607536723117786,proactive,pluralist,0.4738433253182839,pref_legal,true,false,false,1
4,pluralist,33,care,false,false,false,false,1,0,1,6,0.918,13,0,0,1,5,1,initiator,0.8694167164876736,proactive,collapsed,0.7296680834264357,pref_care,true,false,false,1
4,pluralist,34,apriori,true,false,true,true,0,0,0,8,0.498,15,0,0,0,8,1,mediator,0.5460721734772647,reactive,pluralist,0.4563024449557056,pref_care,true,false,false,1
4,pluralist,35,care,false,false,false,true,0,0,0,6,0.891,8,0,0,0,6,0,mediator,0.6032527435386225,proactive,pluralist,0.42780160442871007,pref_care,true,false,false,1
4,pluralist,36,care,true,false,false,false,1,1,0,8,0.986,15,1,1,0,8,0,initiator,0.014008262328598975,reactive,pluralist,0.6950482146983561,pref_apriori,true,false,false,1
4,pluralist,37,care,true,false,false,true,1,0,1,7,0.983,16,0,0,1,6,0,mediator,0.7149472078550233,proactive,pluralist,0.695162490377363,pref_legal,true,false,false,1
4,pluralist,38,apriori,false,true,true,true,1,0,1,8,0.550,13,0,0,1,7,0,responder,0.942223644160139,proactive,pluralist,0.5161713738768287,pref_care,true,false,false,1
4,pluralist,40,legal,true,true,true,true,2,2,0,7,0.456,13,1,2,0,7,0,disruptor,0.7353865423449866,reactive,utopian,0.6859483731534748,pref_legal,true,false,false,1
4,pluralist,41,epistemic,true,false,true,true,1,1,0,3,0.753,14,1,1,0,3,0,responder,0.5442971429883283,proactive,pluralist,0.478753685755244,pref_care,true,false,false,1
4,pluralist,42,legal,false,false,true,true,0,0,0,3,0.737,7,0,0,0,3,1,mediator,0.7152981313090129,proactive,pluralist,0.4785935266251076,pref_apriori,true,false,false,1
4,pluralist,44,apriori,true,true,false,false,2,1,0,7,0.761,18,1,1,0,7,4,disruptor,0.811390002035253,reactive,pluralist,0.4687565512728859,pref_legal,true,false,false,1
4,pluralist,46,legal,false,false,true,false,0,0,0,11,0.742,15,0,0,0,11,0,disruptor,0.5240530945128262,reactive,allCare,0.6259463989748071,pref_apriori,true,false,false,1
4,pluralist,47,epistemic,true,false,true,false,0,0,0,7,0.416,11,0,0,0,7,0,initiator,0.1710006256068407,reactive,pluralist,0.46088954922146663,pref_legal,true,false,false,1
4,pluralist,48,apriori,true,true,false,true,0,0,0,7,0.574,13,0,0,0,7,0,responder,0.23484325657111282,reactive,pluralist,0.7898931175320505,pref_legal,true,false,false,1
4,pluralist,49,care,false,true,true,true,1,0,1,5,0.762,8,0,0,1,4,0,initiator,0.8966756168791543,proactive,pluralist,0.6269119408513611,pref_epistemic,true,false,false,1
4,pluralist,50,legal,false,false,true,true,0,0,0,5,0.308,13,0,0,0,5,2,disruptor,0.23781143161655272,proactive,pluralist,0.7319606655779722,pref_care,true,false,false,1
4,pluralist,51,epistemic,true,true,false,true,1,0,1,7,0.704,19,0,0,1,6,1,responder,0.34971470685043426,reactive,pluralist,0.7973590245486776,pref_care,true,false,false,1
4,pluralist,52,care,false,false,false,false,0,0,0,4,0.933,10,1,0,0,4,0,disruptor,0.16024590867031474,proactive,collapsed,0.5376501295975225,pref_apriori,true,false,false,1
4,pluralist,53,legal,true,true,true,false,0,0,0,5,0.787,20,0,0,0,5,0,mediator,0.6508101889089257,reactive,pluralist,0.5682011034234824,pref_epistemic,true,false,false,1
4,pluralist,54,legal,false,true,true,false,0,0,0,7,0.931,17,0,0,0,7,2,initiator,0.920405302523688,proactive,pluralist,0.5146805992086806,pref_care,true,false,false,1
4,pluralist,55,epistemic,true,true,false,false,0,0,0,7,0.639,15,0,0,0,7,2,responder,0.16086699218584155,proactive,pluralist,0.5677683013698145,pref_care,true,false,false,1
4,pluralist,57,legal,true,false,false,true,0,0,0,4,0.338,12,0,0,0,4,1,responder,0.42220713444413094,reactive,pluralist,0.7616626195149465,pref_legal,true,false,false,1
4,pluralist,58,epistemic,false,false,false,true,0,0,0,2,0.745,4,0,0,0,2,0,responder,0.49980756372569113,reactive,pluralist,0.7534411667569115,pref_apriori,true,false,false,1
4,pluralist,59,epistemic,false,true,true,true,0,0,0,5,0.780,9,0,0,0,5,0,disruptor,0.7931669377949508,proactive,pluralist,0.6579363115621168,pref_legal,true,false,false,1
4,pluralist,60,epistemic,false,true,true,false,1,1,0,3,0.325,10,1,1,0,3,1,responder,0.3982181696048229,proactive,pluralist,0.41279794258841435,pref_legal,true,false,false,1
4,pluralist,61,care,true,false,false,false,1,0,1,9,0.620,17,0,0,1,8,1,initiator,0.3226235126234477,reactive,pluralist,0.6032021133523282,pref_care,true,false,false,1
4,pluralist,62,legal,false,true,true,false,0,0,0,5,0.322,12,0,0,0,5,0,disruptor,0.16806828936187224,reactive,pluralist,0.5148012048136947,pref_epistemic,true,false,false,1
4,pluralist,63,legal,false,false,false,false,1,1,0,7,0.582,17,0,0,0,7,1,mediator,0.5982151454988764,reactive,collapsed,0.4371620589382524,pref_epistemic,true,false,false,1
4,pluralist,64,epistemic,false,true,true,true,1,0,1,9,0.857,15,0,0,1,8,0,mediator,0.23032348034843497,reactive,pluralist,0.5816105921829978,pref_apriori,true,false,false,1
4,pluralist,66,epistemic,false,false,true,true,0,0,0,7,0.524,16,0,0,0,7,0,responder,0.02848376487026405,reactive,pluralist,0.6105008474446763,pref_epistemic,true,false,false,1
4,pluralist,67,epistemic,false,true,true,true,0,0,0,10,0.834,16,0,0,0,10,0,responder,0.04235011344029338,proactive,pluralist,0.7508229821542869,pref_legal,true,false,false,1
4,pluralist,69,apriori,true,false,true,false,0,0,0,10,0.488,14,0,0,0,10,2,mediator,0.8172531395752152,proactive,pluralist,0.7793602184769315,pref_care,true,false,false,1
4,pluralist,70,epistemic,true,true,true,true,0,0,0,4,0.759,9,1,0,0,4,1,mediator,0.10037530089486724,reactive,utopian,0.7635483444892659,pref_apriori,true,false,false,1
4,pluralist,71,apriori,true,false,false,true,1,0,1,7,0.396,18,1,0,1,6,0,disruptor,0.9173544854383375,reactive,pluralist,0.4542147742257936,pref_legal,true,false,false,1
4,pluralist,72,apriori,false,false,false,true,0,0,0,7,0.309,15,0,0,0,7,2,disruptor,0.6713462283451967,reactive,pluralist,0.7772468677554905,pref_apriori,true,false,false,1
4,pluralist,73,epistemic,true,true,false,false,0,0,0,3,0.712,12,1,0,0,3,1,responder,0.4367440478775545,proactive,pluralist,0.4568656905831466,pref_epistemic,true,false,false,1
4,pluralist,74,care,false,true,true,true,1,1,0,8,0.934,14,1,1,0,8,0,initiator,0.1998239510589752,proactive,pluralist,0.40712036222252185,pref_epistemic,true,false,false,1
4,pluralist,75,care,false,false,false,false,0,0,0,5,0.779,12,0,0,0,5,2,mediator,0.9742096532720141,reactive,collapsed,0.7727301982044413,pref_epistemic,true,false,false,1
4,pluralist,76,legal,true,true,false,true,1,1,0,4,0.563,19,1,1,0,4,3,mediator,0.7901212169963936,reactive,pluralist,0.6431409093775241,pref_epistemic,true,false,false,1
4,pluralist,77,apriori,true,false,false,false,1,0,1,4,0.709,17,0,0,1,3,2,initiator,0.025622077648175146,reactive,pluralist,0.7265773601964514,pref_epistemic,true,false,false,1
4,pluralist,78,apriori,true,true,false,false,0,0,0,2,0.407,7,0,0,0,2,0,mediator,0.3070293430785078,reactive,pluralist,0.5584823220879132,pref_epistemic,true,false,false,1
4,pluralist,79,epistemic,true,false,false,false,2,1,1,6,0.865,11,1,1,1,5,0,mediator,0.9838272994297148,reactive,pluralist,0.7716022181766833,pref_epistemic,true,false,false,1
4,pluralist,80,care,true,true,false,true,0,0,0,7,0.595,18,1,0,0,7,1,initiator,0.7215256431162415,reactive,pluralist,0.6797880760734614,pref_epistemic,true,false,false,1
4,pluralist,81,apriori,false,true,true,false,0,0,0,6,0.629,14,0,0,0,6,2,mediator,0.7905033940268271,proactive,pluralist,0.6661941030282105,pref_epistemic,true,false,false,1
4,pluralist,82,legal,false,false,false,false,2,0,1,5,0.499,11,0,0,1,4,1,disruptor,0.7195553824907428,proactive,collapsed,0.5176483307083223,pref_epistemic,true,false,false,1
4,pluralist,84,apriori,false,false,false,false,1,0,1,8,0.827,12,0,0,1,7,0,responder,0.5489959863363922,reactive,collapsed,0.7543956196305341,pref_apriori,true,false,false,1
4,pluralist,85,care,true,false,false,false,0,0,0,9,0.529,11,0,0,0,9,0,initiator,0.22377388000547627,proactive,pluralist,0.6773657876958872,pref_care,true,false,false,1
4,pluralist,86,epistemic,true,false,false,true,3,3,0,4,0.780,10,1,2,0,4,1,initiator,0.9237393953621245,reactive,pluralist,0.6624404886080117,pref_legal,true,false,false,1
4,pluralist,88,epistemic,true,true,true,false,1,0,1,9,0.330,15,0,0,1,8,1,disruptor,0.7880993036403484,proactive,pluralist,0.7958872071710574,pref_care,true,false,false,1
4,pluralist,89,apriori,false,true,true,true,0,0,0,10,0.571,18,0,0,0,10,1,disruptor,0.7255661572802448,proactive,pluralist,0.7499230868445765,pref_epistemic,true,false,false,1
4,pluralist,90,apriori,true,false,true,false,0,0,0,3,0.692,9,0,0,0,3,0,disruptor,0.973411288455425,reactive,pluralist,0.7622063527602112,pref_care,true,false,false,1
4,pluralist,91,apriori,false,true,false,false,0,0,0,1,0.544,11,1,0,0,1,0,initiator,0.8889345567466336,reactive,authoritarian,0.742228168850262,pref_legal,true,false,false,1
4,pluralist,94,care,true,true,false,false,1,1,0,9,0.450,12,1,1,0,9,0,initiator,0.32479826774427645,proactive,pluralist,0.5035024801117648,pref_legal,true,false,false,1
4,pluralist,96,legal,true,true,true,false,0,0,0,5,0.348,10,1,0,0,5,0,initiator,0.8530373329241219,proactive,pluralist,0.7965331169557077,pref_care,true,false,false,1
4,pluralist,97,apriori,true,true,false,false,2,1,1,8,0.819,16,1,1,1,7,0,responder,0.36585873540098,proactive,pluralist,0.7015228129262474,pref_apriori,true,false,false,1
4,pluralist,98,apriori,true,true,true,true,0,0,0,2,0.937,9,0,0,0,2,3,initiator,0.8675831758888848,reactive,utopian,0.5353676042724984,pref_apriori,true,false,false,1
4,pluralist,99,apriori,false,false,false,false,1,0,1,4,0.337,12,0,0,1,3,1,initiator,0.5316607482887119,reactive,collapsed,0.6948788722768793,pref_apriori,true,false,false,1
4,pluralist,100,apriori,false,true,false,false,0,0,0,4,0.957,5,0,0,0,4,0,mediator,0.37320173794768396,reactive,authoritarian,0.5523400348405315,pref_care,true,false,false,1
4,pluralist,102,care,true,true,true,true,0,0,0,3,0.632,6,0,0,0,3,0,responder,0.7546438505656149,reactive,utopian,0.8060773917286619,pref_legal,true,false,false,1
4,pluralist,103,care,false,false,false,true,1,1,0,4,0.938,7,0,1,0,4,0,responder,0.22385358642817843,reactive,pluralist,0.25947200972743084,pref_apriori,true,false,false,1
4,pluralist,104,epistemic,true,true,true,true,0,0,0,1,0.370,2,0,0,0,1,0,initiator,0.3185464815124467,reactive,utopian,0.8912241830665599,pref_legal,true,false,false,1
4,pluralist,105,care,false,false,true,false,1,0,0,3,0.836,5,0,0,0,3,0,disruptor,0.35219262634907156,reactive,allCare,0.22820978982505358,pref_legal,true,false,false,1
4,pluralist,106,epistemic,true,false,true,false,0,0,0,3,0.405,5,0,0,0,3,0,initiator,0.804031134018629,proactive,pluralist,0.30976137635772405,pref_care,true,false,false,1
4,pluralist,107,apriori,true,true,false,true,0,0,0,1,0.543,5,0,0,0,1,0,initiator,0.5313620829011817,reactive,pluralist,0.9865281473859779,pref_legal,true,false,false,1
4,pluralist,108,epistemic,true,true,false,true,1,0,1,4,0.761,8,0,0,1,3,0,mediator,0.23988957747076312,proactive,pluralist,0.2508705697361213,pref_care,true,false,false,1
4,pluralist,110,epistemic,false,false,false,true,0,0,0,2,0.727,9,0,0,0,2,2,mediator,0.07649862716700861,proactive,pluralist,0.6921683357762922,pref_apriori,true,false,false,1
4,pluralist,111,epistemic,false,true,true,false,0,0,0,3,0.242,8,0,0,0,3,0,disruptor,0.12074266370581832,reactive,pluralist,0.44159604952399517,pref_legal,true,false,false,1
4,pluralist,112,legal,false,false,false,false,1,0,1,4,0.507,9,0,0,1,3,0,mediator,0.8961708524775233,proactive,collapsed,0.6876327490605905,pref_legal,true,false,false,1
4,pluralist,113,epistemic,false,true,true,true,0,0,0,1,0.894,3,0,0,0,1,0,mediator,0.48847461358640465,proactive,pluralist,0.24466662473190903,pref_apriori,true,false,false,1
4,pluralist,114,epistemic,true,true,true,true,0,0,0,1,0.840,4,0,0,0,1,0,disruptor,0.5129095388487152,proactive,utopian,0.7712364754852112,pref_epistemic,true,false,false,1
4,pluralist,115,apriori,false,false,false,true,0,0,0,1,0.359,4,1,0,0,1,0,mediator,0.1854002297451084,reactive,pluralist,0.5569048110684358,pref_apriori,true,false,false,1
4,pluralist,116,legal,false,false,false,false,0,0,0,5,0.716,5,0,0,0,5,0,initiator,0.8647553776161586,reactive,collapsed,0.9174497985361303,pref_epistemic,true,false,false,1
4,pluralist,118,apriori,true,true,false,false,0,0,0,2,0.493,4,0,0,0,2,1,responder,0.2829323764103111,proactive,pluralist,0.3116359684474139,pref_care,true,false,false,1
4,pluralist,119,legal,true,false,false,true,0,0,0,2,0.718,5,0,0,0,2,0,disruptor,0.4804763943810296,reactive,pluralist,0.9066786505729865,pref_apriori,true,false,false,1
4,pluralist,120,epistemic,true,false,true,false,0,0,0,3,0.758,5,0,0,0,3,0,responder,0.3495771176638507,proactive,pluralist,0.273011007520795,pref_epistemic,true,false,false,1
4,pluralist,121,care,true,true,false,false,0,0,0,0,0.518,2,0,0,0,0,0,responder,0.4760542659221142,reactive,pluralist,0.5617548352190173,pref_care,true,false,false,1
4,pluralist,122,care,false,false,false,true,1,0,1,1,0.734,4,0,0,1,0,0,initiator,0.9223081075280005,proactive,pluralist,0.7934978051572468,pref_epistemic,true,false,false,1
4,pluralist,123,apriori,false,false,false,false,0,0,0,0,1.000,1,0,0,0,0,0,initiator,0.03413239213483399,reactive,collapsed,0.4513702738191125,pref_legal,true,false,false,1
4,pluralist,124,legal,true,false,true,false,0,0,0,4,0.735,5,0,0,0,4,0,disruptor,0.534128830426983,reactive,pluralist,0.2663055937150974,pref_apriori,true,false,false,1
4,pluralist,125,legal,false,false,true,true,0,0,0,0,0.499,2,0,0,0,0,0,initiator,0.1916778804976087,proactive,pluralist,0.7289809526397042,pref_apriori,true,false,false,1
4,pluralist,126,legal,false,true,false,true,0,0,0,3,0.683,4,0,0,0,3,0,mediator,0.10491361965791857,reactive,pluralist,0.5372854262799828,pref_apriori,true,false,false,1
4,pluralist,127,epistemic,true,false,false,false,1,0,1,2,0.736,3,0,0,1,1,0,mediator,0.24331675962474564,reactive,pluralist,0.3401923568851938,pref_care,true,false,false,1
4,pluralist,129,legal,true,true,true,true,0,0,0,3,0.614,3,0,0,0,3,0,disruptor,0.7770678774701341,proactive,utopian,0.2708277131188318,pref_epistemic,true,false,false,1
4,pluralist,130,epistemic,false,false,false,true,0,0,0,2,0.917,3,0,0,0,2,0,initiator,0.5531662467006638,proactive,pluralist,0.23523325783459192,pref_legal,true,false,false,1
4,pluralist,131,epistemic,true,false,false,false,0,0,0,2,0.980,3,0,0,0,2,0,initiator,0.022676753051842136,reactive,pluralist,0.705312968294403,pref_legal,true,false,false,1
4,pluralist,132,apriori,false,true,false,true,0,0,0,0,0.619,4,0,0,0,0,0,initiator,0.7485585080332137,reactive,pluralist,0.40323424466347624,pref_epistemic,true,false,false,1
4,pluralist,133,legal,true,false,true,true,0,0,0,3,0.783,5,0,0,0,3,0,disruptor,0.44894678406211075,reactive,pluralist,0.6961861587380236,pref_care,true,false,false,1
4,pluralist,134,epistemic,true,false,true,false,0,0,0,1,0.423,3,0,0,0,1,0,mediator,0.6737198187171812,proactive,pluralist,0.6725511453355781,pref_epistemic,true,false,false,1
4,pluralist,136,care,false,false,false,false,0,0,0,2,0.918,3,0,0,0,2,0,responder,0.8128938864871966,reactive,collapsed,0.6820430813345595,pref_legal,true,false,false,1
4,pluralist,137,epistemic,true,true,false,false,0,0,0,3,0.676,5,0,0,0,3,0,disruptor,0.8292686723336645,proactive,pluralist,0.4450133688870601,pref_care,true,false,false,1
4,pluralist,138,legal,false,false,false,false,0,0,0,1,0.670,2,0,0,0,1,0,initiator,0.6669487128325137,reactive,collapsed,0.9157271437742278,pref_legal,true,false,false,1
4,pluralist,140,apriori,false,false,false,false,0,0,0,0,0.382,0,0,0,0,0,0,initiator,0.9586963021568438,proactive,collapsed,0.3503635467003654,pref_apriori,true,false,false,1
4,pluralist,141,apriori,false,false,false,false,1,0,1,1,0.732,5,0,0,1,0,0,initiator,0.7652097467940422,proactive,collapsed,0.5235700717786278,pref_apriori,true,false,false,1
4,pluralist,142,care,true,false,false,false,0,0,0,3,0.544,4,0,0,0,3,0,initiator,0.26633306816168356,reactive,pluralist,0.4283387580042044,pref_epistemic,true,false,false,1
4,pluralist,144,epistemic,true,false,true,false,0,0,0,4,0.460,5,0,0,0,4,0,disruptor,0.4945739991473148,reactive,pluralist,0.32399294510638166,pref_apriori,true,false,false,1
4,pluralist,145,apriori,true,true,false,true,0,0,0,2,0.470,2,0,0,0,2,0,responder,0.4638786958633153,proactive,pluralist,0.7352829107598404,pref_legal,true,false,false,1
4,pluralist,146,epistemic,true,true,false,true,1,1,0,2,0.739,4,1,1,0,2,0,disruptor,0.8642980806406945,reactive,pluralist,0.23822505067804933,pref_epistemic,true,false,false,1
4,pluralist,147,apriori,false,true,false,false,0,0,0,0,0.814,0,0,0,0,0,0,responder,0.9672645832650306,reactive,authoritarian,0.9849118593049657,pref_apriori,true,false,false,1
4,pluralist,148,apriori,true,false,true,true,0,0,0,0,0.550,0,0,0,0,0,0,responder,0.5452838675141103,reactive,pluralist,0.6210388550988504,pref_apriori,true,false,false,1
4,pluralist,149,legal,false,false,false,true,0,0,0,0,0.412,0,0,0,0,0,0,responder,0.06809192741999337,proactive,pluralist,0.3661574894143522,pref_legal,true,false,false,1
4,pluralist,150,apriori,false,false,false,true,0,0,0,0,0.421,0,0,0,0,0,0,initiator,0.5428655982856011,proactive,pluralist,0.6976119522774256,pref_apriori,true,false,false,1
4,pluralist,151,legal,false,false,true,true,0,0,0,0,0.455,0,0,0,0,0,0,initiator,0.9971248558787708,reactive,pluralist,0.9802531484043602,pref_legal,true,false,false,1
4,pluralist,152,care,false,true,false,true,0,0,0,0,0.643,0,0,0,0,0,0,initiator,0.4908928766273747,proactive,pluralist,0.7310904798407132,pref_care,true,false,false,1
4,pluralist,153,apriori,false,true,true,false,0,0,0,0,0.661,0,0,0,0,0,0,disruptor,0.7142935247048612,reactive,pluralist,0.8873816608799912,pref_apriori,true,false,false,1
4,pluralist,154,legal,false,false,true,false,0,0,0,0,0.873,0,0,0,0,0,0,initiator,0.8941685667580592,proactive,allCare,0.24775169253793267,pref_legal,true,false,false,1
4,pluralist,155,care,true,false,false,false,0,0,0,0,0.931,0,0,0,0,0,0,mediator,0.9146965241502624,proactive,pluralist,0.940829930460793,pref_care,true,false,false,1
4,pluralist,156,epistemic,false,false,true,true,0,0,0,0,0.685,0,0,0,0,0,0,mediator,0.06509274185967229,proactive,pluralist,0.5683143535801534,pref_epistemic,true,false,false,1
4,pluralist,157,legal,false,false,true,false,0,0,0,0,0.715,0,0,0,0,0,0,disruptor,0.7155018891466091,proactive,allCare,0.3378638624201809,pref_legal,true,false,false,1
4,pluralist,158,care,false,true,true,true,0,0,0,0,0.717,0,0,0,0,0,0,disruptor,0.7457657708434241,reactive,pluralist,0.6349920474186495,pref_care,true,false,false,1
4,pluralist,159,legal,true,true,false,false,0,0,0,0,0.633,0,0,0,0,0,0,initiator,0.05931572838089727,proactive,pluralist,0.6363205188652709,pref_legal,true,false,false,1
4,pluralist,160,apriori,false,true,true,true,0,0,0,0,0.731,0,0,0,0,0,0,responder,0.4223094949409255,reactive,pluralist,0.6041521050043791,pref_apriori,true,false,false,1
4,pluralist,161,epistemic,false,true,true,false,0,0,0,0,0.347,0,0,0,0,0,0,disruptor,0.3962115331894651,proactive,pluralist,0.9346724860234366,pref_epistemic,true,false,false,1
4,pluralist,162,epistemic,false,false,true,true,0,0,0,0,0.546,0,0,0,0,0,0,mediator,0.3290443178600492,reactive,pluralist,0.8209257060869575,pref_epistemic,true,false,false,1
4,pluralist,163,apriori,true,false,false,true,0,0,0,0,0.379,0,0,0,0,0,0,mediator,0.10168103790818872,reactive,pluralist,0.7994967347752298,pref_apriori,true,false,false,1
4,pluralist,164,epistemic,true,false,false,false,0,0,0,0,0.645,0,0,0,0,0,0,mediator,0.12327619084518693,reactive,pluralist,0.9123056066624806,pref_epistemic,true,false,false,1
4,pluralist,165,apriori,true,false,false,false,0,0,0,0,0.717,0,0,0,0,0,0,disruptor,0.9807901236391849,proactive,pluralist,0.9115899574581015,pref_apriori,true,false,false,1
4,pluralist,166,epistemic,true,true,false,false,0,0,0,0,0.465,0,0,0,0,0,0,responder,0.47221631856708546,reactive,pluralist,0.3251273485496631,pref_epistemic,true,false,false,1
4,pluralist,167,legal,true,true,false,true,0,0,0,0,0.582,0,0,0,0,0,0,initiator,0.9985312793195222,proactive,pluralist,0.8935207226048574,pref_legal,true,false,false,1
4,pluralist,168,apriori,false,false,false,false,0,0,0,0,0.887,0,0,0,0,0,0,mediator,0.9087706502334516,reactive,collapsed,0.22768934694783055,pref_apriori,true,false,false,1
4,pluralist,169,apriori,true,false,true,false,0,0,0,0,0.737,0,0,0,0,0,0,initiator,0.994844131633917,reactive,pluralist,0.8136803794969862,pref_apriori,true,false,false,1
4,pluralist,171,epistemic,true,true,true,true,0,0,0,0,0.340,0,0,0,0,0,0,responder,0.625836765711068,proactive,utopian,0.6352821290846495,pref_epistemic,true,false,false,1
4,pluralist,172,apriori,true,true,false,true,0,0,0,0,0.632,0,0,0,0,0,0,disruptor,0.8780465897172184,proactive,pluralist,0.5432898937827957,pref_apriori,true,false,false,1
4,pluralist,173,epistemic,false,false,false,true,0,0,0,0,0.779,0,0,0,0,0,0,initiator,0.711729323965123,reactive,pluralist,0.9224193727873413,pref_epistemic,true,false,false,1
4,pluralist,174,epistemic,true,false,false,true,0,0,0,0,0.739,0,0,0,0,0,0,responder,0.446294350372035,proactive,pluralist,0.5356369867412727,pref_epistemic,true,false,false,1
4,pluralist,175,care,true,true,false,false,0,0,0,0,0.486,0,0,0,0,0,0,disruptor,0.5426779296171259,proactive,pluralist,0.3265547011194583,pref_care,true,false,false,1
4,pluralist,176,legal,false,false,true,false,0,0,0,0,0.799,0,0,0,0,0,0,initiator,0.581763158543538,reactive,allCare,0.7705645968785266,pref_legal,true,false,false,1
4,pluralist,177,legal,false,true,false,true,0,0,0,0,0.698,0,0,0,0,0,0,responder,0.22115097452886523,proactive,pluralist,0.8460416079397961,pref_legal,true,false,false,1
4,pluralist,178,care,true,false,false,false,0,0,0,0,0.637,0,0,0,0,0,0,responder,0.1648459598878499,proactive,pluralist,0.6755420178419038,pref_care,true,false,false,1
4,pluralist,179,legal,true,true,true,true,0,0,0,0,0.550,0,0,0,0,0,0,disruptor,0.5295514929679932,proactive,utopian,0.5490824035645685,pref_legal,true,false,false,1
4,pluralist,180,epistemic,true,false,false,false,0,0,0,0,1.000,0,0,0,0,0,0,disruptor,0.7835578480404177,reactive,pluralist,0.534294022037149,pref_epistemic,true,false,false,1
4,pluralist,181,epistemic,true,false,true,false,0,0,0,0,0.522,0,0,0,0,0,0,initiator,0.17075410493695287,reactive,pluralist,0.8972421245556284,pref_epistemic,true,false,false,1
4,pluralist,182,epistemic,false,false,false,false,0,0,0,0,0.887,0,0,0,0,0,0,responder,0.5374791270427967,reactive,collapsed,0.5318734148035845,pref_epistemic,true,false,false,1
4,pluralist,183,epistemic,true,true,false,false,0,0,0,0,0.740,0,0,0,0,0,0,disruptor,0.15745185726258826,reactive,pluralist,0.4562361944776778,pref_epistemic,true,false,false,1
4,pluralist,184,legal,false,false,false,false,0,0,0,0,0.636,0,0,0,0,0,0,disruptor,0.025786170045477785,proactive,collapsed,0.7378731960395697,pref_legal,true,false,false,1
